Village,Latitude,Longitude
Padaha,24.343772,81.026769
Chheriya,24.701904,81.795511
Tala,24.746312,81.803797
Datainiha,24.736621,81.848436
Bhatimojra,25.048954,81.379019
Purniha,23.241947,81.358606
Khairi Kothar,24.681214,80.848089
Matiwa,24.682198,80.862794
Khairi Tukda,24.678424,80.835192
Arjunpur,24.997608,80.67554
Chakbelhai,24.565161,81.577385
Titihari,24.536827,81.568716
Mahtiniya,24.682935,81.824176
Serimar,23.724971,81.539969
Kharra,24.768457,81.67397
Barha,24.169744,81.003012
Halawan,24.816031,81.113793
Kadrohi,24.894416,81.072065
Khadar,24.819028,80.85262
Bhardwaran Tola Unmulan,24.635476,80.754835
Chillapata,24.582071,80.784985
Rojhin Kap,23.48069,80.588295
Gudar,23.727532,80.659455
Tilaura,24.584102,80.583545
Mair Tola,23.642337,81.572056
Uraiha,23.26737,81.386595
Dagdaha,23.192619,81.410005
Umri,24.522076,80.573114
Kansa,23.076088,81.74147
Samda Tola,23.262026,81.527972
Devgai,23.153921,81.51015
Semarwar,23.217516,81.829447
Baruka,23.376703,81.361547
Kushhai,23.395998,81.416911
Bachaha,23.717214,81.520924
Beldara,24.243444,80.817433
Ulicha,24.428398,80.490545
Bori,24.093382,80.548821
Salaiya Kap,24.030842,80.443059
Yadubirnagar,24.134528,80.61023
Maharaj,24.428111,80.512182
Barkachhi,24.642955,80.533921
Karahiya,24.513302,80.545555
Madphai,24.428176,80.673385
Khukhada Unmulan,24.414441,81.031694
Jhari Tukada,24.722556,80.934595
Mahuwar,24.546086,82.097681
Bigdari,25.008181,80.571086
Nawasta,24.792966,80.837064
Pujeria,25.053178,80.61206
Puranikpurwa,24.934464,81.418622
Rajapur,25.001497,80.705986
Nipaniya,24.011292,81.137129
Bedra,23.98846,81.360185
Ambar,24.110573,81.277885
Devri Khurd,24.164563,81.101123
Dokarbandh,23.915016,81.581968
Medra,24.158689,81.64625
Kishoura,24.460953,81.212065
Khatkhari Kothar,24.437147,81.04908
Chamarhar,24.709713,81.815151
Manakisar,24.279834,81.320796
Aharihatawa,24.253316,81.190154
Lauwa,24.6383,81.392081
Mirchwar,24.502281,81.372966
Neega,24.522115,81.233098
Pipara,24.49453,81.261819
Hardua,24.48329,81.458581
Jhanjhar,24.591023,81.033705
Shivpurchak,24.577309,81.680368
Kuaiyan,24.575727,81.550807
Bahera East,24.360811,81.929173
Dhanokhar,24.284876,81.600383
Laurkatan Triveni,24.676559,81.697861
Kaimhai,24.53309,81.696578
Ganigawan,24.697513,81.723735
Atariya Indradatt,24.600752,81.801546
Naharo,24.575757,81.812861
Gadauha,24.572116,81.827944
Kotar,24.476304,81.91965
Sarkhaniha,24.402272,81.998499
Basauda,24.356975,82.30611
Hauda Bandh,24.511607,82.117054
Marsar,24.488314,81.94072
Kunjhun Khurd,24.509527,82.161514
Purauna,24.920661,81.415688
Nivi,24.717109,81.608265
Lalhaiya,24.811209,81.192753
Bhashma,24.761575,81.393909
Mishragawan,24.82011,81.037992
Ganj,24.954096,81.422014
Kothar,24.77708,81.693246
Paikangaon,24.830984,81.748328
Bara Khurd,24.985199,81.756908
Barau,25.055745,81.519617
Khajuri,24.982342,81.793596
Atrauli,24.979633,81.786334
Sutipur,25.019858,81.612472
Karaundaha,24.735989,82.174982
Rautabandh,24.72615,82.155924
Kharra,24.77233,81.672862
Deori,24.087464,82.531722
Jaraudhi,24.037956,82.511397
Nawadih,24.046369,82.651956
Chingo,24.280227,82.516017
Rajarwar Tukda,24.69112,81.044532
Baisa,24.793434,81.451226
Sigti,24.499828,81.456236
Bamhauri Kala,24.694096,80.826171
Thagra,24.686587,80.817039
Majhgawan,24.691186,80.724619
Naiguwan,24.869755,80.570613
Badhari Lilji,24.469199,81.194392
Sahijana,24.462559,81.124648
Birsinghpur,24.451067,81.129966
Pateri,24.495837,81.215283
Bagdara,24.479646,81.465131
Chinraula,23.568709,80.902678
Sohas,24.686359,80.939972
Dawadahiya,23.717601,81.507875
Kholadhi,23.374247,82.019487
Benipur,24.684459,80.8397
Nagar Pawaiya,24.668822,80.760607
Bhutha Tola,24.105326,81.255501
Beohari Khurd,24.095853,81.131393
Lakhanwar,23.825071,81.386115
Sairhai Pahad,24.205612,81.322672
Kuchlewa,24.167057,81.045937
Belha,24.161018,81.044092
Nagin,23.335038,81.879789
Muhdola,23.728049,81.311533
Khari,23.639862,81.394845
Bhumkar,23.414315,81.919906
Kusiyari,24.243559,80.772056
Karaiya Bijuriya,24.232229,80.775138
Bara Kalan,24.102149,80.807928
Budhi,24.581237,80.482947
Kartaha,24.491929,80.451911
Bamuraha,24.54008,80.512768
Bhairaha Kalan,24.525499,80.475926
Bhairaha Khurd,24.519585,80.469926
Deori Kodar,23.770283,80.592055
Itaura Khurd,24.586973,80.520682
Chaura,24.454629,80.999876
Amiliya,24.536724,80.729299
Ramna,24.57488,80.776713
Gada,24.563878,80.63295
Antarhar,24.547942,80.695355
Parna,23.732134,80.631696
Karuatal,23.161149,81.407534
Matiwa,24.675909,80.872944
Devrawar,24.848751,81.003572
Nachnaura,24.745773,80.846295
Kanchanpur,24.749066,80.804142
Chhiwali Mal,23.272108,80.951327
Lugdara Mal,23.272252,80.929383
Lugdara Ryt,23.25974,80.917264
Chhiwali Ryt,23.248162,80.946715
Amni Pipariya Mal,23.248195,80.917672
Londajhir Mal,23.244929,80.965013
Amni Pipariya Ryt,23.235913,80.9295
Batondha Mal,23.226531,80.97626
Bairgala,24.740085,80.740963
Bhardwara Ryt,23.225056,80.913552
Pakar Mya Bagharra Mal,23.214846,80.940901
Duhaniya Ryt,23.209082,80.949925
Kudwari,23.162393,80.998745
Mauhria,24.779724,80.81926
Ajhwar Ryt,23.126808,81.027296
Pakar Ryt,23.228324,80.948185
Nowrozabad Khodargama,23.342987,80.964295
Babal Kund,23.348876,80.785571
Judmani,23.34528,80.76991
Nawagaon,23.343629,80.800666
Katangi,23.349593,80.80931
Chhada Kalan,23.33785,80.996072
Sakarwar,23.349442,80.819835
Pinaura,23.333287,80.936462
Deori Amhai,23.333317,80.923859
Dagdauwa,23.331717,80.896506
Lahangi,23.341835,80.87986
Dhanwahi,23.345151,80.863567
Ghulghuli,23.340844,80.851755
Chhuihai,23.323441,80.865415
Parsel,23.338601,80.832679
Kanchanpur,23.329708,80.817212
Patapara,23.323911,80.981244
Pondi,23.322236,81.016897
Gahira Tola,23.322907,80.841439
Nausemar,23.322153,80.852713
Karnpura,23.313755,80.877332
Kurriha,23.310625,80.911643
Karoundi,23.309086,80.822627
Kohaka,23.303665,80.89547
Amadongri,23.299657,80.927593
Majhouli,23.302689,81.023846
Maneri,23.297528,80.848813
Maradari,23.292743,80.960833
Changera,23.281538,80.984784
Bandhwa Tola,23.26555,81.00111
Kaneri,23.283109,80.863153
Dulhari,23.285085,80.891248
Amuwari,23.286826,81.025971
Bhamraha,23.154732,81.362992
Ranidadar,23.267068,80.90547
Singhpur,23.27024,80.88003
Kolauni,23.275656,80.84361
Isanpura,23.263639,81.026238
Semariha,23.259757,80.872328
Bhodalkhar Abad,23.144081,81.419761
Kalda,23.246417,81.014144
Mahobadadar,23.233239,81.006125
Padera,23.21854,81.030979
Mudehna,23.561384,80.886117
Salaiya,23.571582,80.529305
Kouwajhar,23.565134,80.580939
Mahuda,23.57031,80.5641
Paharuwa,23.551546,80.547838
Khamtara,23.549937,80.531327
Diwari,23.555198,80.558059
Akhdar,23.535085,80.581271
Badkhera,23.515331,80.563708
Singhanpuri,23.521559,80.542658
Mer,23.564955,80.555945
Guda,23.531598,80.56193
Mahura CT,23.341928,80.910925
Pouniya,23.541727,80.563675
Bistawal,23.554188,80.564112
Manpur,23.764523,80.553762
Gopalpur,23.795441,80.576706
Saraswahi,23.792018,80.475146
Amha,24.832394,80.785197
Bijauri,23.800828,80.502964
Pathra,23.788126,80.55119
Jhalwara,23.772952,80.463395
Atariya,23.778424,80.514075
Pondi,23.77608,80.53051
Khirhani,23.775463,80.493085
Katangi Kal,23.758764,80.490709
Chapahni,23.761448,80.538554
Badera,23.750357,80.527022
Bichhiya,23.746033,80.4696
Umariya,23.750631,80.561467
Badwara Kalan,23.743215,80.58256
Sarra,23.744824,80.492372
Bachhauli,23.735473,80.511991
Rupond Rupaund,23.738142,80.55878
Saliya,23.726098,80.474997
Jhinjhari,23.734431,80.54287
Deorihatai,23.711208,80.491552
Bhaganwara,23.716266,80.520102
Bamhanganvan,23.72052,80.535949
Bachharwara,23.723097,80.570655
Chandan,23.711742,80.545221
Chiruhali,23.713551,80.557338
Bhadawar,23.698687,80.579728
Nanhwara,23.703074,80.532931
Parai Kap,23.699287,80.561312
Mainhara,23.700096,80.469736
Bichpura,23.696838,80.514997
Badagaon,23.68519,80.499513
Sejha,23.683433,80.518983
Bargawan,23.687119,80.534664
Magarhata,23.682411,80.559486
Guda,23.674153,80.541257
Jamuniya,23.662123,80.528976
Dhirpur,23.667498,80.567726
Malhan,23.663914,80.507469
Amgawan,23.660471,80.486827
Karibarah,23.657001,80.549765
Bhajiya,23.636278,80.580675
Dhangawan,23.639944,80.561228
Kokodabra,23.634413,80.52036
Bhalwara,23.61973,80.53521
Muhgawan,23.62016,80.583009
Khamhariya,23.587516,80.554328
Bichuwa,23.581731,80.534987
Mohanpani,23.648987,80.504606
Dugargawan,23.645694,80.516088
Tuman,23.610586,80.558143
Katangi Khurd,23.764758,80.508747
Mudgudi,23.566412,80.918736
Kaudia,23.570142,80.651441
Badrehal,23.576127,80.959902
Barbaspur,23.574662,80.694794
Lagwari,23.570293,80.794764
Barmani,23.567664,80.731726
Jatra Tola,23.570374,80.664573
Lorha,23.556753,80.763195
Dabarauha,23.562549,80.835627
Takhatpur,23.573214,80.86063
Dhanwahi,23.567442,80.818207
Kuwan,23.533717,80.863697
Bhodsa,23.556404,80.605576
Baderi,23.563919,80.866519
Ghoghri,23.554587,80.683737
Rojhin,23.564883,80.70265
Khusarwah,23.549643,80.985079
Putpura,23.500239,80.887413
Baherwah,23.550669,80.714008
Chirrawah,23.545995,80.901308
Badwahi,23.548962,80.95437
Chandpur,23.558092,80.626208
Narwar,23.549633,80.593092
Sewai,23.555217,80.851381
Narwar,23.52976,80.700553
Badwar,23.543412,80.93461
Bharola,23.545705,80.799871
Launga,23.55393,80.819286
Khale Kathai,23.539591,80.738017
Bilai Kap,23.541176,80.87294
Mahimar,23.546377,80.862431
Punchhi,23.549775,80.620834
Ghanghari,23.545114,80.843364
Jogin,23.532418,80.650431
Bharouli,23.546587,80.82002
Bhundi,23.537004,80.630424
Barhi,23.53372,80.669796
Bhodsa,23.544053,80.60991
Rohaniya,23.520275,81.013509
Chandoul,23.522226,80.783349
Pahadi Punchhi,23.574053,80.637583
Umaria,23.520475,80.836359
Majhgawan,23.533645,80.768715
Salaiya,23.531934,80.613946
Salaiya,23.539821,80.607278
Belmana,23.534152,80.596992
Chandwar,23.525771,80.795862
Kota,23.524944,80.897317
Bharhut,23.512166,80.940893
Majhauli,23.527391,80.677275
Pipariya,23.516422,80.87169
Tikura Kathai,23.513607,80.72421
Bhagda,23.504366,80.856069
Pauniya,23.512074,80.763391
Obara,23.515189,80.590964
Chhatan Tola,23.506889,80.977879
Ratheli,23.509323,80.915764
Goraiya,23.495557,81.035983
Laudhai,24.709051,80.83249
Dhangi,23.497464,80.741287
Tala,23.498723,80.581822
Semariya,23.505319,80.878978
Koylari,23.500866,80.799911
Barauda,23.492762,80.67235
Baruwa Seduri,24.871289,81.002071
Kirantal Kalan,23.493992,80.85552
Amha,23.481989,80.893067
Bandha,23.487171,80.91083
Ufri,23.496105,80.83402
Ujania,23.497979,80.820843
Ladera,23.478674,80.875118
Urdani,23.487503,80.713895
Ghunsu,23.480615,80.959399
Amlai,23.48248,80.941546
Sehra Tola,23.478989,80.983273
Sahajanara,23.470012,80.698199
Semrahan Khurd,24.875111,81.029077
Mahroi,23.480976,80.835789
Karimati,23.484517,80.807238
Pidra,23.482465,80.607559
Tikura Pathari,23.476992,80.644803
Atariya,23.475907,80.754256
Munda,23.455439,80.885989
Karua,23.476257,80.618073
Kirantal Khurd,23.479341,80.859246
Karkeli,23.462185,80.908848
Majmani Kalan,23.462977,80.79566
Ujan,23.454461,80.936605
Alhai,24.866689,81.025067
Amari,23.46655,80.807475
Khaira,23.466278,80.821567
Magardhara,23.461681,80.777403
Padariya,23.464989,80.730332
Singhpamar,23.436773,80.891104
Baskuta,23.45265,81.026505
Amanhudi,23.458125,80.840978
Pathari,23.45274,80.976158
Akmaniha,23.43667,80.999405
Dongargawan,23.447132,80.762127
Bichua,23.459344,80.750547
Umarpani,23.446974,80.866938
Tamannara,23.445489,80.737158
Amaha,23.428494,80.733845
Jamuniha,23.442844,80.69827
Gijjri,23.446231,80.807545
Dulhari,23.448694,80.823364
Rojhin,23.440936,80.655361
Lalpur,23.437779,80.717817
Majmani Khurd,23.43239,80.783351
Barhi,23.431486,80.915916
Gilothar,23.431127,80.672402
Junmani,23.428819,80.812471
Silaundi,23.430303,80.875891
Mardari,23.429994,80.83664
Tenduha,23.429604,80.962734
Kohka,23.425165,80.757246
Dondgawan,23.418846,81.005452
Dhanhari,23.422777,80.703429
Singawada,23.414251,80.940412
Uchehara,23.414464,80.969865
Silpari,23.411771,80.683117
Guda,23.418443,80.741801
Majhgawan,23.419216,80.885479
Nipaniya,23.407341,80.987946
Raghopur,23.408006,80.87879
Kudra,23.416991,80.693269
Birhuliya,23.413677,80.791775
Nipaniya,23.41862,80.724414
Mardar,23.408665,80.758818
Jhiriya,24.862287,80.99248
Sahijana,23.408137,80.907984
Karoundi,23.402164,80.790852
Dhanwar,23.395914,80.915718
Chiruhala,23.39909,80.842339
Bardiya Khurd,24.84366,81.008325
Budhan Rampur,23.391569,80.825787
Arnuwari,23.401088,80.728732
Bhundi,23.395217,80.874232
Pathari Kalan,23.386979,80.769376
Dewgawa Khurd,23.390634,80.994209
Gijari,23.389083,81.015007
Baja Kund,23.390818,80.749739
Kaudiya,23.383957,80.859903
Karaunda,23.391372,80.70545
Sastra,23.385098,80.969775
Tummadar,23.383021,80.722294
Badagaon,23.378753,80.943291
Bijaura,23.381715,80.88607
Jarha,23.370309,80.81945
Surajpura,23.372274,80.741186
Gopal Pur,23.371024,80.795122
Jhikatal,23.376556,80.923839
Hadha,23.373584,80.901188
Katariya,23.368554,80.76576
Masurpani,23.365172,80.909248
Narwar,23.358577,80.849133
Mahuri,23.367939,80.874278
Dewdandi,23.353585,80.878528
Bahirde,23.362228,80.936564
Dewari,23.357105,80.893238
Mohagwan,23.360387,80.920497
Sarai Tola,23.357445,80.741652
Pipradi,23.35078,80.940847
Pahariguda,23.560783,80.641725
Dhari,23.558245,80.670937
Tikariya,23.532817,80.8143
Kripahan,23.517502,80.67567
Saristal,23.513933,80.620263
Badoramana,23.500047,80.637075
Kripahan,23.498434,80.778178
Amaha,23.506563,80.697425
Chhulha,23.496347,80.603682
Baheraha,23.481582,80.779797
Bhaisadadar,23.465775,80.862194
Kusiyara,23.461811,80.62868
Thadhi,23.458589,80.662583
Bhamarda,23.456833,80.640546
Dholbaja,23.450943,80.677293
Kathai,23.450757,80.624254
Karimati,23.42017,80.852546
Khutesar,23.412209,80.816659
Uchehara,23.407674,80.705012
Chitauha,23.398245,80.96447
Dhonda Pondi,23.393896,80.941602
Bakeli,23.79791,80.922418
Barmani,23.790912,80.871234
Midara,23.799329,80.613643
Bamera,23.789356,80.976663
Nadawan,23.790349,80.727974
Godhan Kap,23.795627,80.71704
Sejahri,24.83707,80.851537
Ganeshpur,23.795528,80.661232
Loharwara,23.795784,80.699876
Tali Rohaniya,23.792674,80.767691
Salaiya Sihora,23.775555,80.79031
Ladhar,23.782195,80.692008
Mohni,23.783894,80.743835
Keolari,23.788621,80.835019
Behdi Khurd,23.789676,80.622552
Sandhi,23.778618,80.671031
Salaiya,23.780952,80.711676
Behdi Kalan,23.782634,80.632261
Badwahi,23.774239,80.957686
Bandari,23.772888,80.606753
Gabdi Nipaniya,23.777766,80.905217
Rohaniya,23.770695,80.635567
Bamhori,23.767659,80.654262
Bagaiha,23.761958,80.935028
Barela,23.765963,80.82572
Deori,23.764612,80.689018
Harrwah,23.753388,80.884994
Bamhani,23.750832,80.622275
Imaliya,23.76184,80.706145
Sutari,23.758967,80.733215
Dobha,23.753106,80.9889
Jaguwa,23.74051,80.862855
Karela,23.746467,80.840575
Salkhaniya,23.753549,80.909215
Banjar Barela,23.754254,80.822017
Khairbhar,23.747784,80.719349
Guruwahi,23.748071,81.026696
Sarai,23.751107,80.642041
Guda Kalan,23.751886,80.667503
Hadarhata,23.735321,80.813752
Garhpuri,23.719875,80.947533
Lakha Khera,23.742071,80.597849
Salaiya,23.746168,80.688105
Baran Mahgawan,23.729784,80.779983
Kharahta,23.742664,80.702912
Bargawan,23.737764,80.622806
Badagaon,23.736885,80.750015
Uchehara,23.767599,81.006456
Guda Khurd,23.740619,80.665228
Bhalwara,23.733483,80.643373
Ranchha,23.726688,80.994395
Bilayat Khurd,23.727669,80.679663
Barhata,23.72766,80.702569
Saray,24.837939,80.90013
Tala,23.719311,81.017145
Hardua,23.727222,80.725012
Bamhori,23.721278,80.854628
Badwara Khurd,23.725664,80.590916
Bajarwara,23.723571,80.609603
Dhanwara,23.719306,80.631883
Khitauli,23.711621,80.829945
Lohkhan,23.716882,80.619293
Koylari,23.710351,80.737145
Bilayat Kalan,23.716964,80.660741
Tenduha,23.715478,80.715319
Salaiya,23.706305,80.600213
Jogiya,23.705842,80.692167
Manni,23.707388,80.707983
Thuthiya,23.700372,80.626377
Karchulha,23.705051,80.78852
Ramgada,23.706844,80.653643
Tala,23.696185,80.745317
Kherwa,23.704245,80.721644
Midara,23.692279,80.813403
Mairee,23.685593,80.928793
Tikariya,23.697692,80.65079
Patharahta,23.691392,80.719564
Midaki,23.685894,80.841945
Bagdara,23.686306,80.873322
Amradand,23.687254,80.601041
Pathwari,23.690708,80.665394
Semdari,23.689018,80.693058
Karhiya,23.684787,80.679034
Bijauri,23.684566,80.651477
Mahaman,23.672948,80.977137
Kodo,23.682609,80.63036
Bagdari,23.682151,80.898705
Ahar,23.638472,80.610627
Rampur,23.67671,80.741695
Jhanpi,23.676977,80.611296
Chhaparwah Khurd,23.680135,80.70463
Karanpura,23.682316,80.721925
Pati,23.676302,80.646371
Bartarai,23.654356,80.887335
Jharela,23.66798,80.66376
Pipariya,23.677183,80.715318
Dewra Kalan,23.670272,80.689841
Kamta,23.656902,80.895086
Bhanpura,23.664681,80.638461
Amatola,23.669902,80.627105
Chandia,23.638496,80.70392
Chhain,23.645684,80.905053
Umariya Alis Kachniya Tola,23.652707,80.856612
Tenduha,23.581423,80.860141
Kachhari,23.661176,80.612461
Parasi,23.657934,80.931732
Banka,23.661591,80.750089
Sunari,23.664899,80.648088
Raghopur,23.648842,80.79019
Mada Tola,23.582013,80.636745
Gohadi,23.64699,80.985804
Lamkana,23.653939,80.604299
Barhi Chhot,23.6533,80.747342
Mardari,23.643255,80.958034
Dhaur Khoh,23.64268,80.757377
Thaguwa,23.648158,80.631938
Majhgawan,23.636291,80.661791
Tali,23.62906,80.818865
Bhudsa,23.635696,80.6349
Dhamokhar,23.629807,80.938167
Pansokhar,23.631509,80.599719
Jhamaiya,23.627116,80.845323
Badwar,23.611642,80.736216
Salaiya,23.618259,80.788513
Bamhangawan,23.626557,80.683276
Padeniya,24.825194,81.011202
Parsel,23.615938,80.617042
Dadraudi,23.622192,80.868007
Madwa,23.612546,80.669808
Bansa,23.609807,80.643649
Chapar,23.609791,80.929924
Luharwara,23.610609,80.588975
Khaira,23.61031,80.911955
Kodar,23.616655,80.884639
Majhgawan,23.607263,80.857372
Dubbar,23.606211,80.758438
Kherwa Khurd,23.603915,80.843941
Magdhi,23.585593,81.017551
Kherwa Kalan,23.604937,80.831154
Bardauha,23.604951,80.883272
Anchla,23.599251,80.806485
Kotalwah,23.599815,80.901658
Didaori,23.589751,80.778741
Pathari,23.599382,80.963892
Salaiya,23.596985,80.667537
Kudra,23.588394,80.586279
Ghaghdar,23.591468,80.930007
Pali,23.58577,80.751914
Saraswahi,23.594255,80.872163
Guda,23.5916,80.631339
Amajhal,23.593951,80.61475
Kachharwar,23.586729,80.83424
Shahpura,24.813643,80.699954
Barbaspur,23.584287,80.895524
Kolha,23.580492,80.873685
Baherghata,23.576421,80.60906
Pipra Tola,23.577512,80.933634
Dhatura,23.577035,80.712157
Chhaparwah,23.64719,80.591861
Raj Tola,23.576655,80.624712
Chhahar,23.625167,80.72123
Bairagi,23.745509,80.610558
Pipariya,23.702993,80.668123
Pari Pathar,23.588383,80.69372
Chakra Arjunsingh,23.699543,80.7098
Araji Patharahta,23.696188,80.714557
Chhulha,23.668635,80.813686
Dewara Khurd,23.658666,80.67503
Bathan,23.656405,81.021872
Kudarwar,23.620271,80.973976
Padariya,23.624978,80.769397
Semra,23.577237,80.674082
Upka,24.8019,80.760402
Jhala,23.70333,80.758781
Tekan,23.693983,80.773174
Atariya,23.680146,80.792483
Patrai,23.679292,80.761736
Majhauli,23.6678,80.775781
Deogawan,23.599595,80.686144
Reserve Forest,23.800561,80.528276
Reserve Forest,23.768245,80.57658
Goraiya CT,23.368262,81.022346
Reserve Forest,23.520126,80.962162
Reserve Forest,23.801447,80.59488
Reserve Forest,23.761775,80.760943
Khatauli R F,23.712683,80.884985
Paraswah Ryt,22.829647,81.394285
Patharkucha Mal,22.832208,81.415743
Patharkucha Ryt,22.818879,81.420935
Parsauja Kalan,24.798617,80.954221
Rausar Khar,22.873926,81.438777
Lamsarai,22.877124,81.462125
Gannaguda,22.891397,81.413187
Dubsara,22.885845,81.33195
Deori,22.8719,81.362205
Jinda Tola,22.886446,81.358841
Khetgaon,22.870554,81.388251
Ghata,22.860972,81.424308
Sunpuri,22.88415,81.412184
Dhurwa Tola,22.865906,81.349315
Kanchanpur,22.859384,81.364125
Thadh Pathar,22.863802,81.412687
Gutti Para,22.856101,81.468391
Deori,22.845864,81.446045
Damehari,22.82475,81.454104
Ghuidadar,22.814781,81.479903
Koylari,22.799748,81.456088
Paraswar,22.777797,81.47539
Sheoni Sangam,22.778533,81.457813
Sonbarsa,24.802463,80.919545
Madwa,23.142611,81.407014
Pakari Sondha,22.772358,81.655162
Tarera Mal,22.713296,81.586652
Kabir Chabutra Khurkhuri,22.777276,81.678446
Khannat Mal,22.766691,81.633704
Kirangi Mal,22.760187,81.61753
Pakri Ryt,22.748401,81.514346
Harra Tola Ryt,22.752983,81.605451
Bhimkundi Mal,22.746854,81.564159
Raitwar Mal,22.744645,81.643806
Garkamatta Ryt,22.749895,81.58985
Medhakhar Mal,22.738093,81.580886
Roosa Mal,22.74376,81.52666
Barnai Mal,22.734168,81.546445
Sarai Tola,22.74561,81.619249
Bahpuri,22.850706,81.703467
Karanjiya Mal,22.732498,81.614482
Roosa Ryt,22.734604,81.522976
Karondi Mal,22.725515,81.563238
Ramnagar Ryt,22.706476,81.617609
Bargaon Ryt,22.716289,81.653426
Bundela Ryt,22.723461,81.527285
Barbaspur Mal,22.70305,81.550432
Karanjiya Ryt,22.714122,81.636489
Bondar Ryt,22.698586,81.66058
Dubha,23.140928,81.3962
Narigwara Ryt,22.683007,81.665983
Jogirwara,22.672173,81.60887
Jagatpur,22.671321,81.696909
Thamardar,22.889374,81.540153
Kitaha,24.797637,80.999442
Sonhara,22.892743,81.690524
Dharhar Kalan,22.888316,81.616675
Jilan,22.879195,81.569684
Chhapani,22.882177,81.589347
Bendi,22.88057,81.519128
Salharo,22.887806,81.640128
Karaundi,22.883775,81.675957
Garhrihan,24.777546,80.999229
Keshwani,22.878786,81.490863
Umaniya,22.863708,81.660034
Pathaiti,22.873519,81.629405
Pardi,22.874198,81.645508
Belgawan,22.857367,81.679279
Bahpur,22.857863,81.694522
Boda,22.85143,81.576391
Gadhidadar,22.864334,81.606837
Piparha,22.856628,81.634366
Bijaura,22.846425,81.505642
Sanchara,22.849959,81.483183
Khursi,22.852715,81.546239
Mahora,22.830477,81.534993
Paladongri,22.830307,81.522989
Chachandih,22.845675,81.60796
Nonghati,22.836245,81.687986
Mohadi,22.814176,81.631563
Kekariya,22.825958,81.567089
Harrai,22.819979,81.66374
Kamlo,24.766625,80.795642
Khati,22.81265,81.605659
Sarwahi,22.821272,81.497831
Kasturi,22.81214,81.507013
Padariya,22.797449,81.59129
Duari,22.812403,81.553743
Newsa,22.801163,81.48767
Lapti,22.875363,81.755573
Kumharwar,22.785603,81.579929
Bilaspur,22.800601,81.534532
Miriya,22.793051,81.688205
Guguwa Kapa,22.792313,81.665707
Purga,22.781849,81.496936
Karaunda Tola,22.769265,81.573518
Khajurwar,22.77913,81.530154
Bhimkundi,22.773988,81.550792
Baghni Bhawar,22.777208,81.512205
Khalhe Bhavar Khandi,23.07333,81.201578
Sarai Tola,22.758908,81.536218
Amgawan,22.884589,81.739343
Mekal Pahad,22.887105,81.776276
Dhobe,22.893178,81.717278
Basahi,22.877464,81.705902
Ledhara,22.864822,81.721916
Moti Sagar,24.740229,80.840126
Jamkachhar,22.862211,81.762992
Medha Khar,22.857949,81.741433
Dauniya,22.846137,81.737452
Bhejari,22.833941,81.707894
Batki,22.845112,81.760701
Tali,22.833295,81.745371
Pondi,22.816719,81.715184
Bharni,22.822892,81.760585
Sendur Khar,22.820974,81.744215
Pamra,22.813801,81.771075
Umargohan,22.757987,81.751638
Lalpur,22.803223,81.73986
Barsot,22.797106,81.713517
Harra Tola,22.791938,81.721222
Podaki,22.786144,81.727874
Bhamariya,22.785999,81.746778
Bhundakona,22.779746,81.739415
Pharrisemar,22.766992,81.707049
Damgarh,22.727357,81.715725
Bijauri,22.798523,81.762986
Amarkantak,22.682014,81.754854
Sarastal Ryt,23.110314,81.094446
Pondi Ryt,23.102262,81.161725
Tikri Mya Pipri Ryt,23.085201,81.136492
Narayandih Mal,23.093824,81.15073
Akhdar Akhrad Mal,23.094406,81.188321
Tikra Bhanwarkhandi,23.092402,81.203459
Narayandih Ryt,23.08321,81.150375
Madhopur Ryt,23.080271,81.179663
Basi Deori Ryt,23.070944,81.160219
Nachunka Ryt,23.060311,81.220846
Basaniya Mal,23.061244,81.247358
Ludhra Ryt,23.038973,81.221851
Barwara Ryt,23.055108,81.181322
Baidra Ryt,23.037466,81.198473
Diyawar Mal,23.04481,81.169407
Kerha,23.135169,81.385897
Niwsa Mal,23.028705,81.165107
Mohgaon Ryt,23.020018,81.186485
Bamuri,23.135089,81.362256
Padariya Kalan Mal,22.999327,81.190405
Mehuti,24.731698,80.916616
Deori Khurd,24.724143,80.700213
Reserve Forest,22.685355,81.582837
Sudamapur,24.729713,80.958786
Samatpur,23.106674,81.412604
Mehuti,24.719201,80.92575
Bamura,23.115393,81.360432
Baun,23.115708,81.379052
Jawari,23.116366,81.475184
Kathai,23.086126,81.453952
Semara,23.111214,81.459197
Sanpuri Viran,23.113653,81.396246
Amha Tola,23.092518,81.376715
Kathautiya,23.083668,81.400154
Kodwar Kalan,23.082106,81.434074
Silpari,23.086595,81.478471
Kodwar Khurd,23.078798,81.41949
Tarera,23.121092,81.270194
Dongariya,23.113854,81.242407
Chatuwa,23.105053,81.276072
Khamraudh,23.082527,81.291202
Gora Tola,23.090474,81.321736
Tanki Tola,23.08803,81.262436
Sarai,23.07549,81.35207
Payari,23.071123,81.319639
Suadand,23.042299,81.249505
Tarang,23.048861,81.31524
Piparha,23.058962,81.479955
Gondi,23.057235,81.461451
Lamsarai,23.044875,81.412854
Ghatha,23.042766,81.366554
Alhawar,23.040846,81.384219
Katurdona,23.046221,81.286432
Bairagi,23.04258,81.346343
Gonda,23.041157,81.463305
Chilihamar,23.035088,81.478403
Deori Dadar,23.042439,81.440241
Dhawai,23.023782,81.256424
Amdari,23.003193,81.26826
Adawar,23.018063,81.379354
Karondi,23.025733,81.420997
Jarhi,23.021548,81.353638
Nagula,23.018897,81.45537
Jarha,23.022755,81.228094
Nagmala,23.010471,81.306148
Karaunda Pani,23.023005,81.439395
Farhad,24.717559,80.969317
Hathbandha,23.02237,81.329342
Rakhital,23.007534,81.473643
Sursapara,23.006367,81.226617
Lohari,23.0085,81.418138
Salargondi,22.989615,81.36625
Bijapuri,22.997144,81.345998
Naguli Dadar,23.000837,81.434959
Gadauli,24.716279,80.985603
Majholi,22.994045,81.213172
Sarai Patera,22.994074,81.385612
Bartola,22.986563,81.455368
Karan Pathar,22.981202,81.317209
Karpa,22.992022,81.419416
Shyam Duwari,22.984488,81.278556
Farhad,24.717609,80.96272
Gedi Ama,22.976974,81.232173
Bicharpur,22.97786,81.472388
Uphari Kalan,22.971001,81.436307
Medha Khar,22.973926,81.394651
Uphari Khurd,22.964118,81.412801
Bhalwar,22.974902,81.261149
Antariya,22.950267,81.329557
Charku Umar,22.963786,81.252115
Tulra,22.959135,81.279491
Ranai Kapa,22.953036,81.362626
Manpur,22.932082,81.406098
Baghadi,22.95087,81.294991
Jatanga,22.948704,81.460665
Lila Tola,22.942458,81.392942
Beldongri,22.943546,81.438246
Mediya Ras,22.941432,81.264889
Sarai Tola,22.935092,81.29661
Padri Khar,22.926535,81.418404
Koliha Tola,22.930474,81.378427
Pipariya,22.930214,81.364356
Kohka,22.926186,81.452875
Bicharpur,22.922913,81.432941
Kusera,22.927498,81.34952
Dhumma Kapa,22.916764,81.30977
Paladigwar,22.919128,81.295912
Benibari,22.915815,81.329297
Ghotai Khurd,22.926559,81.468854
Ghotai Kalan,22.913328,81.458955
Pipar Khunta,22.906028,81.362719
Kyontar,22.915094,81.381165
Baidara,22.909778,81.470043
Andhiyar Khoh,22.900061,81.34336
Pouni,22.903534,81.392448
Hirna Chhapar,22.910417,81.419727
Salaiya,22.901049,81.416754
Garjanbija,22.900819,81.43548
Nardaha,22.898247,81.313815
Mekal Pahad,23.056911,81.40111
Baghad Mal,23.200115,81.119182
Boondan Ryt,23.191026,81.054796
Duniya Mal,23.195171,81.098223
Surkhi,23.160984,81.034171
Ramguda Ryt,23.165624,81.111306
Parasi Ryt,23.164212,81.180688
Ramguda Mal,23.15536,81.118
Parasi Mal,23.155789,81.168606
Tyagpura Ryt,23.129877,81.104406
Ramhepur,23.130372,81.068475
Kui Mal,23.127153,81.124525
Nandana,23.34425,81.470243
Kudri,23.314916,81.375864
Pogri,23.333299,81.419542
Kotma,23.3318,81.377807
Belaha,23.338797,81.355877
Chapa,23.326939,81.401276
Shahdol,23.296534,81.347014
Nawalpur,23.310408,81.457105
Hardi,23.318438,81.43047
Jamua,23.307169,81.387195
Jamui,23.303188,81.407379
Dhurwar,23.298153,81.424608
Kalyanpur,23.294356,81.333917
Gortara,23.286873,81.385545
Harri,23.284851,81.424272
Kanchanpur,23.270908,81.448085
Bicharpur,23.280831,81.347055
Senduri,23.278656,81.332661
Fatehpur,23.274653,81.370995
Basin,23.273342,81.360335
Raipur,23.269224,81.425164
Padri,23.270269,81.404714
Pachgaon,23.261302,81.35704
Majhauli,23.249445,81.343577
Padmaniya Kalan,23.25291,81.413463
Chhata,23.249407,81.472822
Dudhi,23.252661,81.369965
Kholhad,23.244856,81.333214
Aitajhar,23.246252,81.392864
Dhanpuri,23.228399,81.468555
Chuniya,23.250069,81.324421
Udhiya,23.24917,81.454673
Khamhariya Kalan,23.246753,81.304095
Nargi,23.244366,81.432976
Padmaniya Khurd,23.238835,81.413075
Kathautiya,23.236544,81.314615
Dhanpura,23.225436,81.449743
Jodhpur,23.223347,81.37492
Padariya,23.227046,81.434103
Jhagraha,23.231557,81.356311
Pachdi,23.221048,81.287702
Khouhai,23.220465,81.301338
Singhpur,23.215659,81.404093
Antari,23.222315,81.3469
Birhuliya,23.219959,81.334677
Bartara,23.205315,81.477882
Antara,23.212133,81.348935
Lamro,23.212378,81.26641
Chauradih,23.208082,81.460136
Jugwari,23.193684,81.312137
Majhagawan,23.20031,81.275764
Chandaniya Badi,23.198381,81.337675
Deori Tola,23.195912,81.293715
Majhiyar,23.19918,81.446996
Chandaniya Khurd,23.201278,81.362475
Semariha,23.194088,81.372915
Karuai,23.195488,81.419097
Mithauri,23.187699,81.394281
Bandhawa Bada,23.176321,81.32129
Kelmaniya,23.170958,81.3367
Bodri,23.178358,81.425377
Khairha,23.170696,81.451956
Khannath,23.183753,81.46459
Harra Tola,23.183535,81.373265
Atariya,23.169351,81.436024
Dulhara,23.177772,81.40606
Chirhati,23.16867,81.477362
Pathra,23.167116,81.35797
Chataha,23.1734,81.376402
Manpur,23.165877,81.398898
Hardee,23.127067,81.429685
Kadauha,23.155916,81.466477
Sigudi,23.15648,81.39165
Nipaniya,23.153655,81.41269
Patkhai,23.127493,81.337286
Bhamni Kalan,23.138669,81.471348
Bakatawal,23.151945,81.398699
Amraha,23.142451,81.37403
Pipariya,23.145016,81.45226
Sarangpur,23.128635,81.452504
Bhanpur,23.127734,81.404245
Koilari,23.307238,81.34577
Nagmala,23.207092,81.43391
Chhirpani,23.165955,81.383635
Bhodalkhar Viran,23.151187,81.425077
Ghun Ghuti,23.334078,81.190867
Githauri,23.348124,81.172263
Kurabar,23.350413,81.091825
Medhaki,23.34295,81.337022
Patnar Kalan,23.342132,81.217073
Salaiya,23.337904,81.319872
Kumurdu,23.332987,81.068384
Arjhuni,23.343322,81.257316
Barhai,23.330301,81.128874
Bhadra,23.344475,81.30077
Mudariya,23.312444,81.086259
Mehuti,24.714071,80.936094
Pahadiya,23.33296,81.284209
Amiliha,23.320509,81.296448
Majhigawan,23.31681,81.24825
Bhimmadongri,23.321031,81.281325
Semariha,23.320978,81.313817
Baghannara,23.300415,81.206249
Deogawan,23.313713,81.328152
Chandpur,23.310798,81.220224
Marwa Tola,23.307989,81.262958
Mahroai,23.299782,81.274145
Kannabahara,23.304329,81.30017
Rohila Kachhar,23.101078,81.858597
Magdhar,23.296292,81.054994
Chandaniya,23.298965,81.320231
Chandaniya,23.291242,81.324432
Tummichhote,23.286902,81.121463
Kachodar,23.29845,81.178845
Baghal Bahara,23.291759,81.240925
Bandhawa Khurd,23.290394,81.31224
Bandhawa Bada,23.287397,81.285694
Amgar,23.278764,81.218811
Raugarh,23.27609,81.240667
Panwari,23.290255,81.198687
Semri Khurd,24.71514,80.712879
Bargawan,23.283526,81.303159
Sundardadar,23.270358,81.093546
Narbar,23.274065,81.313339
Chaka,23.269969,81.286943
Kholkhamhra,23.26811,81.26332
Bagharra,22.937804,81.631622
Kurkucha,23.260366,81.063247
Taktai,23.255508,81.040172
Sundri,23.254271,81.110712
Didwariya,23.260363,81.309931
Audhera,23.261934,81.230555
Mehuti,24.710757,80.911402
Malachua,23.247752,81.239244
Blockpadri,23.240827,81.258069
Tiwani,23.237969,81.12155
Shahpur,23.249297,81.279899
Chandaniya,23.216909,81.110351
Khamhariya Khurd,23.23987,81.297626
Kunkuni,23.245151,81.067284
Machheha,23.242118,81.089721
Jhima,23.238786,81.03757
Kusmaha Khurd,23.220977,81.257153
Bhuri Kothar,23.28759,81.074068
Bichhiya,23.216843,81.067279
Kusmaha Kalan,23.236112,81.286958
Budhana,23.22777,81.090533
Hathpura,23.224093,81.237323
Lakhanpura,23.276446,81.048601
Tummi Badi,23.310627,81.157195
Dabaniya,23.288059,81.142796
Chhirpani,23.277935,81.161503
Bijaura,23.254614,81.150682
Kharsol,23.257431,81.18007
Kui,23.23204,81.176002
Amauda,23.225871,81.141732
Padmaniya,23.21756,81.202089
Gijari,23.204002,81.1707
Baghad,23.206835,81.134962
Dhuradhar,23.196991,81.224599
Sarpha,23.188912,81.151667
Mehuti,24.713025,80.919793
Jaitahari,23.168529,81.28001
Ramna Sarkari,23.181787,81.201087
Thunguni,23.178523,81.250441
Dona,23.170893,81.219528
Khirni,23.174447,81.166491
Bulhupani,23.150691,81.211169
Mekal Pahad,23.250979,81.207897
Mithu Mahua,23.165561,81.23777
Silwari Tola,23.172515,81.180003
Ramna Sarkari,23.166239,81.199617
Titahi,23.144959,81.28072
Udal,23.154756,81.185569
Sital Pani,23.142848,81.258027
Daldali,23.137635,81.24144
Kumhani,23.130662,81.223357
Ahirgawan,23.131649,81.305749
Kotmi,23.113162,81.869025
Kodar,23.135323,81.198496
Koilaha,23.112553,81.519194
Garruha,23.122808,81.488414
Dhanora,23.115624,81.533765
Arjhuli,23.095041,81.501661
Chilhari,23.110583,81.63487
Turri,23.082886,81.551031
Chhirhati,23.090957,81.53164
Kapildhara,23.081329,81.566369
Sonaha,23.068815,81.574016
Boddiha,23.114622,81.620248
Katkona,23.246564,81.508102
Khoh,23.045637,81.567243
Kyontar,23.102272,81.832763
Bhangha,23.096222,81.584249
Dongara Tola,23.11666,81.563694
Anuppur Np,23.112388,81.696963
Senduri,23.116623,81.744144
Mahuda,23.111533,81.808824
Patna Khurd,23.120772,81.585877
Kusumhai,23.103262,81.725035
Mauhari,23.108678,81.651056
Amiliha,23.104044,81.576127
Barha Tola,23.096299,81.596412
Padaur,23.102662,81.899282
Amgawan,23.099443,81.782187
Khamhariya,23.101515,81.613613
Damana,23.102389,81.66961
Bairi Bandh,23.098249,81.656068
Sakariya,23.089957,81.666012
Chhulha,23.094619,81.754152
Pipariya,23.084846,81.710464
Sakra,23.084411,81.627432
Dulhara,23.086288,81.688732
Kusumhai,23.083184,81.860413
Jamudi,23.079226,81.640256
Nidawan,23.072985,81.603685
Kukar Goda,23.070767,81.89192
Chandpur,23.083676,81.82066
Koda,23.084458,81.733492
Beliya,23.076605,81.772923
Karra Tola,23.076172,81.690946
Guwari,23.081766,81.797085
Taradand,23.072655,81.659691
Pagna,23.060172,81.752132
Padri,23.069971,81.521851
Takhuli,23.071827,81.823968
Kekarpani,23.065086,81.727405
Choi,23.059381,81.867919
Agriyanar,23.062217,81.679638
Laharpur,23.063934,81.809297
Chaura Dadav,23.06689,81.494549
Jhaital,23.021863,81.78492
Pondi Khurd,23.06313,81.707058
Bakan,23.05271,81.506795
Pachauha,23.060421,81.839436
Didwapani,23.050896,81.644029
Chhira Patpar,23.05643,81.616675
Dhangawan East,23.042149,81.844445
Jaithari,23.049213,81.792772
Lakhanpur,23.049099,81.69857
Dudhmaniya,23.033961,81.71566
Dudhmaniya,23.03867,81.536211
Akua,23.029724,81.669882
Siwni,23.034184,81.817057
Banka,23.037848,81.740831
Chhata Patpar,23.039145,81.895259
Audhera,23.030762,81.630022
Padariya,23.037393,81.871181
Badhar,23.02226,81.573747
Gobri,23.031782,81.755917
Khairbana,23.239062,81.658149
Kirar,23.023541,81.606357
Jariyari,23.026442,81.914004
Jarwahi,23.027996,81.516035
Kholaiya,23.027893,81.697037
Balbahra,23.021535,81.835794
Khoonta Tola,23.018703,81.896856
Dagdiha Tukra,24.703709,80.925869
Ledhara,22.996685,81.494735
Gaurela,23.016463,81.734197
Kalyanpur,23.017749,81.857473
Chandaniya,23.000396,81.529553
Papraudi,23.014854,81.879886
Bhamarha,23.001074,81.547471
Daladeeh,23.005105,81.679553
Mekal Pahad,23.010628,81.63296
Padari,22.99796,81.745616
Nougawan,22.988727,81.565045
Kholadi,23.005129,81.767711
Picharwahi,23.005929,81.512679
Manikpur,22.999232,81.80604
Gorsi,23.001453,81.818447
Beed,23.001541,81.911929
Umariya,23.003645,81.829202
Nigaura,22.998391,81.861592
Chor Bhathi,23.004236,81.837812
Naugai,22.993673,81.586179
Thehi,23.000435,81.712741
Anjani,22.993463,81.782387
Girari Khurd,22.969484,81.624591
Badhar,22.994858,81.633607
Patna,22.992025,81.607995
Godhan,22.982445,81.845144
Lapta,22.981498,81.887142
Baihar,22.973107,81.698401
Manaura,22.984314,81.825019
Behnadawar,22.980612,81.755321
Majhgawan Dhurandhar,24.700242,80.84317
Chhirpani,22.972937,81.728952
Dodhipani,22.960703,81.75959
Semarwar,22.968444,81.798692
Amadand,22.974541,81.907537
Haraswah,22.982047,81.64043
Munda,22.966736,81.923705
Harrai,22.97337,81.654369
Dhanpuri,22.97174,81.587889
Parsel Kalan,22.96726,81.516943
Sulkhari,22.958833,81.856262
Malaiki,22.971811,81.53725
Parsel Khurd,22.965282,81.499032
Patan,22.963693,81.828747
Khairi,22.941677,81.873446
Soniyamar,22.957094,81.563229
Dodiya,22.959786,81.59596
Badhamar,22.953871,81.638088
Jarhi,22.953379,81.539217
Haweli,22.953687,81.623247
Kadamsara,22.947686,81.901156
Dharamdas,22.956958,81.654629
Sheori Chandas,22.950112,81.606262
Mauhari,22.950165,81.485078
Vynkatnagar,22.936066,81.883834
Khursa,22.940139,81.722891
Bhalu Chuwa,22.945443,81.515166
Harra Tola,22.94419,81.576023
Singhaura,22.940103,81.826661
Padripani,22.938198,81.787038
Bhelma,22.92267,81.755789
Majhigawan,22.933894,81.658601
Kohka,22.939215,81.589549
Khodari,22.933919,81.857759
Kirgi,22.936279,81.599907
Bhaina Dongri,22.933468,81.843671
Loharin Tola,22.931539,81.619789
Goga,22.932895,81.545989
Belha,22.935602,81.563137
Deora,22.929967,81.483983
Sarai Tola,22.933192,81.529545
Basaniha,22.913045,81.603941
Majhgawan,22.932285,81.508228
Juhili,22.899603,81.672032
Pondi,22.91331,81.803631
Dhiru Tola,22.926259,81.562387
Lakhaura,22.920288,81.586808
Tiwari Tola,22.9225,81.505965
Girari Khurd,22.921302,81.528242
Kapariya,22.911655,81.856835
Nadpur,22.90712,81.564343
Achalpur,22.90898,81.648592
Dhopa Tola,22.907359,81.483669
Girari Kalan,22.913086,81.542176
Tala,22.911756,81.51722
Bamhani,22.901139,81.501446
Dharhar Khurd,22.908523,81.620585
Lahsuna,22.895888,81.828265
Barbaspur,22.903419,81.710753
Tummibar,23.116009,81.547662
Bela,23.038552,81.731502
Girwi,22.959735,81.669292
Bilai Kher,23.065896,81.541854
Mantoliya,23.118864,81.892944
Mekal Pahad,22.916916,81.712933
Maliya Guda CT,23.317439,81.045474
Gidhan Tola,22.944741,81.55502
Rehidadar,22.917961,81.683055
Rupaula,23.349376,81.829508
Kuddi,23.342443,81.789961
Karraban,23.33747,81.72972
Bacharwar,23.34255,81.752421
Mehraudi,23.338238,81.549476
Dongariya Tola,23.348376,81.617611
Semariha,23.33843,81.675705
Bhaga,23.341357,81.510072
Kanthi Tola,23.345429,81.70302
Ghorbe,23.33027,81.571405
Keshauri,23.338006,81.642195
Channaudi,23.32794,81.61365
Tengha,23.330098,81.862567
Kadmaha,23.333381,81.902099
Bartar,23.327377,81.772262
Sagara,23.328153,81.808543
Khanda,23.325141,81.841496
Dhangawan,23.316318,81.493576
Sidhali,23.321062,81.709184
Hathgala,23.318708,81.656399
Gadhaha Kund,23.322885,81.75105
Padkhuri,23.307863,81.593529
Ghor Bandha,23.318207,81.886637
Deori,23.308325,81.524429
Kumhari,23.307691,81.794304
Bhodakachar Abad,23.310606,81.905167
Keshawahi,23.300318,81.765341
Bargawan,23.302226,81.685446
Naugai,23.300562,81.562724
Nebuha,23.301749,81.619926
Bodari Dol,23.306344,81.875137
Jamuniha,23.293605,81.791377
Padkher,23.298958,81.53582
Jamudi,23.294737,81.718231
Bhodakachar Viran,23.303638,81.890248
Balbahara,23.294191,81.664364
Lalpur,23.277132,81.481896
Tediya Tola,23.296163,81.644099
Birhuli,23.286742,81.577774
Chagera,23.284716,81.537471
Hadha,23.289248,81.508844
Dhanaura,23.284451,81.825708
Dholaku,23.280371,81.696479
Sakara Abad,23.279399,81.750416
Bairiha,23.278723,81.591255
Kharla,23.277677,81.612819
Deori,23.273233,81.64205
Sonwarsha,23.279432,81.505318
Chhanta Alias Nawatola,23.275895,81.558573
Majira,23.266241,81.807242
Malaya,23.261771,81.718045
Amlai,23.265387,81.668883
Harri,23.2723,81.783201
Semra,23.266339,81.515197
Marjad,23.270829,81.57567
Rajbandha,23.26468,81.837561
Jalli Tola,23.259897,81.540993
Harrideeh,23.24747,81.735695
Jamgaon,23.258973,81.863389
Girwa,23.25676,81.693471
Jarwahi,23.257223,81.579061
Jogibandh,23.259047,81.743717
Jhiriya Harri,23.258089,81.774806
Khamraudh,23.245869,81.632831
Pipartara,23.245096,81.487229
Pakriya,23.243519,81.531504
Chaka,23.238183,81.605649
Majholi,23.241011,81.755904
Atariya,23.240382,81.674572
Beliya,23.235617,81.703621
Burhar,23.221405,81.539251
Bijaha Tola,23.227635,81.729572
Vikrampur,23.230547,81.499799
Bichhiya,23.222367,81.656162
Padariya,23.222971,81.749244
Rampur,23.2183,81.693123
Chituhala,23.219637,81.488798
Batura,23.20739,81.637935
Ahigawan,23.215451,81.504327
Sarai Kanpa,23.204717,81.521616
Gopalpur,23.202118,81.503905
Bimhauri,23.158292,81.545533
Dhanpuri Nargada Hari Dafai,23.177344,81.560974
Karkati,23.182104,81.503274
Bagpar,23.176972,81.52611
Naugawa,23.185727,81.484206
Sirouja,23.162116,81.491622
Devgama,23.154739,81.502047
Bandi Kalan,23.156274,81.52212
Dhamni Khurd,23.142806,81.483827
Bandi Khurd,23.144652,81.529155
Garphandiya,23.140498,81.550291
Lakhbariya,23.137907,81.511918
Arjhula,23.142933,81.498516
Kudari,23.128962,81.501282
Baigin,23.127356,81.5329
Bairiha,23.209628,81.721475
Saigin,23.145161,81.519196
Sakara Viran,23.300763,81.73974
Baherahatola,23.310888,81.925919
Ledra,23.251907,81.926965
Raja Kachhar,23.274869,81.923328
Chhulha Tola,23.307102,81.835414
Lodhi,23.286986,81.893247
Saddi,23.286703,81.867871
Bijaha Tola,23.288957,81.851678
Beliya Badi,23.271999,81.909587
Lohasur,23.270259,81.884079
Muddhoba,23.2579,81.885983
Jamuniha,23.254336,81.901176
Chhilpa,23.240079,81.81793
Mauhari Badi,23.23083,81.845969
Dhanpuri,23.2117,81.767587
Bamhni,23.232179,81.790192
Deogawan,23.241565,81.899739
Deori,23.233868,81.878159
Jogi Tola,23.22871,81.918227
Chatha Tola,23.225034,81.902236
Amlai,23.213481,81.8751
Dhangawan,23.209459,81.797468
Dhumma,23.209643,81.905467
Majhgawan,23.193622,81.787842
Chatua,23.189895,81.757472
Kholgarhi,23.203309,81.737843
Funga,23.187432,81.817079
Kadam Tola,23.199632,81.895452
Pali Papli,23.192401,81.836302
Kodaili,23.199351,81.674327
Khanda,23.190518,81.710791
Bakeli,23.18432,81.667217
Payari,23.188655,81.8783
Podi,23.176453,81.68754
Banka Tola,23.177326,81.84465
Daikhal,23.168112,81.858068
Bholgarh,23.168575,81.731029
Thoothi,23.173426,81.797187
Harad,23.168809,81.902956
Jalda Tola,23.167615,81.78252
Chachai Abad,23.164044,81.665115
Dhankuta,23.171482,81.831419
Pasala,23.158202,81.754571
Sitapur,23.157725,81.712236
Manpur,23.160597,81.691408
Kolmi,23.14952,81.812699
Chhohari,23.153012,81.887802
Raksa,23.1503,81.835798
Bijauri,23.152245,81.774834
Sakola,23.157537,81.637294
Chhulkari,23.148891,81.794093
Kikri Pondi,23.141877,81.867754
Barbaspur,23.151892,81.698358
Mediyaras,23.143095,81.654254
Kholi,23.147824,81.620155
Chachai Viran,23.151969,81.670943
Bhagat Bandh,23.148135,81.733055
Paraswar,23.128937,81.677069
Latar,23.129583,81.921389
Harri,23.136923,81.716073
Chakethi,23.131288,81.638334
Dhurvasin,23.127181,81.84067
Parasi,23.131062,81.89033
Chandwar,23.132607,81.626319
Barri,23.130367,81.730116
Mauhari,23.125871,81.779227
Dhiraul,23.12539,81.607398
Patna Kalan,23.131141,81.585067
Pakariha Tola,23.302818,81.806668
Pasondh,23.798533,81.19686
Datari,23.79832,81.224653
Kanadi Kalan,23.794266,81.358931
Nadna,23.793884,81.309154
Banchachar,23.78882,81.247242
Tetka,23.782876,81.39175
Basnagri,23.779526,81.410127
Bineka,23.770761,81.43246
Atariya,23.777371,81.268164
Aunta,23.774758,81.330508
Masira,23.776412,81.223508
Bairiha,23.769939,81.287327
Jamunara,23.77038,81.346171
Kanadi Khurd,23.767723,81.36498
Pahadiya,23.763135,81.312944
Bansa,23.770937,81.461939
Deori,23.753582,81.295357
Bhurka,23.755043,81.384804
Hardua,23.751238,81.232502
Thengraha,23.750988,81.26948
Girui Badi,23.749582,81.336629
Nagadwah,23.743184,81.409191
Masiyari,23.739741,81.482028
Laundi Bahra,23.738629,81.438837
Khapkauha,23.741687,81.309837
Madha,23.738063,81.357008
Kauwa Sarai,23.733223,81.378054
Nigai,23.722687,81.267405
Mohni,23.725186,81.452042
Jamuniha,23.725571,81.342394
Lakhanpur,23.715963,81.307535
Naugai,23.722803,81.323912
Basohara,23.717081,81.293986
Dholar,23.714867,81.422812
Tenduha,23.715058,81.385975
Dhedhuwa,23.717518,81.365592
Sattidol,23.724168,81.468248
Basohara,23.714833,81.469388
Deora,23.701957,81.339428
Jaisinghnagar,23.697674,81.39711
Kuwara,23.698691,81.463548
Chandela,23.692134,81.44129
Ramsohra,23.709644,81.479279
Barna,23.687958,81.279909
Rupaula,23.679885,81.24966
Surgurh,23.693172,81.311263
Katira,23.676073,81.349497
Khusarwah,23.675792,81.40209
Saristal,23.668757,81.454864
Mair Tola,23.672304,81.462275
Jannaudi,23.650013,81.314267
Gopalpur,23.65885,81.430237
Sarna,23.650605,81.286617
Visanpurwa,23.640712,81.254843
Barha,23.652837,81.384522
Khand,23.641839,81.350627
Belli,23.638919,81.471497
Bijaha,23.643068,81.406041
Nawagaon,23.633159,81.446085
Kukaraundh,23.632523,81.422492
Goraiya,23.630337,81.38088
Khannoudhi,23.623331,81.401665
Pachpedi,23.621527,81.292526
Karkat,23.609832,81.268316
Malmathar,23.613272,81.347211
Gadabahara,23.611197,81.417387
Badra,23.605662,81.45654
Salda,23.604821,81.3148
Malda,23.616961,81.383948
Kubari,23.605087,81.474496
Rathar,23.602282,81.366337
Khutaudh,23.607891,81.435568
Jamuniha,23.60274,81.39393
Ankuri,23.586679,81.282244
Palsau,23.592216,81.434279
Chormara,23.591385,81.399321
Karri,23.75272,81.361657
Sarsi,23.587789,81.41062
Baheraha,23.584459,81.332959
Deori,23.583429,81.422828
Dadratola,23.573268,81.353282
Sarihat,23.578331,81.457132
Khohari,23.582968,81.377067
Chandol,23.575187,81.395526
Pathar,23.571985,81.437281
Duladar,23.551019,81.470705
Tetaki,23.570075,81.412312
Kudra Tola,23.566699,81.313353
Amjhor,23.553158,81.388361
Dhaunha,23.556504,81.427666
Mehrauda,23.546376,81.316134
Chandela,23.550857,81.347334
Semra,23.541628,81.412946
Patori,23.539815,81.365867
Lamar,23.537496,81.436136
Bochki,23.528795,81.313054
Karua,23.516436,81.392065
Sudwar,23.5191,81.440016
Pailwah,23.499476,81.339314
Deori,23.511158,81.359332
Kholka,23.518785,81.476177
Hardiha Khurd,23.520354,81.406099
Devdaha,23.50923,81.377929
Hardiha Kalan,23.520823,81.414892
Sakariya,23.508891,81.319635
Belaha,23.509218,81.299069
Mohtara,23.494173,81.42227
Khamha,23.498435,81.448739
Budhanwah,23.500535,81.465298
Gohparu,23.501572,81.403915
Godaru,23.477204,81.312172
Aswari,23.48477,81.395362
Salebahra,23.48819,81.364174
Bareli,23.467431,81.468648
Baheraha,23.484475,81.442578
Jamuniha,23.478856,81.355775
Rampur,23.472826,81.43204
Karri,23.45459,81.367618
Diya Pipar,23.454351,81.399565
Kunar Seja,23.451094,81.328332
Silpari,23.455292,81.428877
Barmaniya,23.4484,81.4438
Harraha Tola,23.43255,81.431165
Narwar,23.428827,81.345029
Bagaiya,23.439358,81.317094
Bijauri,23.424944,81.321495
Rohaniya,23.421511,81.386975
Son Tola,23.414274,81.421732
Chatwai,23.393827,81.346882
Nipaniya,23.398398,81.367384
Shyamdih,23.399789,81.453318
Katahari,23.397387,81.385399
Patasi,23.388733,81.404299
Jarha,23.388847,81.428989
Shyamdih,23.383105,81.446854
Barhai,23.376305,81.455392
Harrha Tola,23.455593,81.67423
Jarwahi,23.380109,81.38104
Khetauli,23.367719,81.475104
Semariha,23.375398,81.393018
Badkhera,23.37131,81.424631
Maiki,23.355378,81.401858
Deogawan,23.36524,81.376332
Senduri,23.352695,81.442603
Sagara Tola,23.457847,81.637762
Pipariya,23.357528,81.356822
Chhatarpur,23.351516,81.375345
Maika,23.352464,81.422414
Kuthuliya,23.797447,81.100281
Patehra,23.786078,81.080506
Harchauta,23.797109,81.16535
Rohaniya,23.741162,81.096241
Semra,23.789052,81.142413
Semari Tola,23.794256,81.1219
Baigaon,23.7786,81.175309
Sigudi,23.769667,81.102104
Pataur,23.771737,81.039496
Manpur,23.765461,81.123702
Govarde,23.766,81.186873
Khutar,23.758866,81.147549
Bhadari,23.759281,81.073912
Narwar,23.760075,81.052908
Barbaspur,23.742586,81.11917
Raksha,23.73668,81.181017
Sarmaniya,23.738423,81.076471
Badar,23.728792,81.203086
Jamunara,23.73231,81.056351
Kolar,23.733859,81.159494
Dulhara,23.728369,81.12639
Badari,23.725355,81.229428
Kuchwahi,23.732649,81.04147
Rijhauha,23.726692,81.144822
Mala,23.721246,81.068379
Kathali,23.716516,81.082159
Kathar,23.703397,81.164453
Bharmila,23.711695,81.184179
Rakhi Amodar,23.717172,81.044322
Bansa,23.710092,81.112736
Kachhauha,23.699377,81.136718
Bhamraha,23.700427,81.226055
Lakhumar,23.706924,81.087735
Bijhariya,23.709856,81.046313
Bijauri,23.691416,81.188752
Ghaghaud,23.690714,81.094434
Pipari Tola,23.685517,81.209278
Damna,23.67575,81.111195
Dodka,23.673789,81.146473
Majhauli,23.655613,81.21246
Koodi,24.97854,80.77166
Dongari Tola,23.667557,81.175116
Samaha Tola Gata,23.667424,81.072749
Karaundi Tola,23.66929,81.192652
Harrai,23.667357,81.210506
Majh Kheta,23.650287,81.063492
Badkhera,23.653933,81.114999
Marai Khurd,23.644088,81.14783
Gobratal,23.65046,81.171685
Hirauli,23.650199,81.198273
Deori,23.648438,81.093395
Kumhai,23.63262,81.013285
Marai Kala,23.629767,81.166741
Madhaun,23.609854,81.074669
Kudri,23.62464,81.192819
Malhara,23.618107,81.12335
Kelhari,23.617152,81.227761
Majhtoliya,23.512917,81.598245
Samar Kaini,23.61045,81.157129
Neusi,23.594853,81.17834
Chorha,23.585287,81.214762
Badwahi,23.595279,81.241391
Khamhar Wah Kallwah,23.570905,81.107641
Rojhiyan,24.989166,80.79398
Kichkhidi,23.562767,81.241311
Chechpur,23.567645,81.172963
Makra,23.546286,81.208961
Paili,23.553632,81.277029
Milli,23.550321,81.039978
Kodar,23.525125,81.533667
Badwahi,23.537112,81.126705
Bagdari,23.541681,81.161976
Mainwah,23.539365,81.08723
Patpariha,23.524915,81.194126
Gajwahi,23.527146,81.268493
Tikuri,23.458138,81.293125
Baradadhar,23.510065,81.244143
Bhajiya,23.724305,81.095643
Kila Bandhogarh,23.684312,81.037495
Chechariya,23.50543,81.147331
Gidri,23.51343,81.103356
Kathai,23.503524,81.185931
Kumharra,23.504583,81.07631
Khamha,23.49319,81.225888
Madhi,23.50574,81.280632
Sakriya,23.493914,81.10746
Harri Dol,23.536941,81.528488
Chouri,23.482269,81.264799
Raipur,23.469609,81.063684
Chirki,23.467292,81.209383
Gadraula,23.477596,81.179605
Chhidaha Tola,23.436525,81.035664
Kachhara Tola,23.472875,81.030603
Kudari Tola,23.467134,81.095173
Sans,23.456307,81.164249
Naugai,23.468182,81.284645
Dhup Khada,23.451711,81.260613
Parsaura,23.434136,81.114806
Bhautara,23.437825,81.286903
Madha Tola,23.445146,81.217483
Bannouda,23.425671,81.07806
Bahannara,23.527672,81.058895
Balbai,23.426231,81.30052
Sarwahi Kalan,23.441528,81.062865
Sarwahi Khurd,23.420715,81.050163
Neusa,23.415269,81.265616
Salaiya,23.414786,81.027712
Jamuhai,23.392724,81.169089
Maman,23.404131,81.21968
Odari I,23.402053,81.318314
Bhitri,23.54545,81.505464
Beli,23.395567,81.131336
Goyara,23.392709,81.090875
Mohtarai,23.392212,81.292584
Ghaghadar,23.383913,81.277262
Jamudi,23.385165,81.261363
Kudari,23.521922,81.55395
Pali,23.361491,81.051207
Bakeli,23.378404,81.314011
Uchehara,23.369628,81.079034
Patnar Khurd,23.370888,81.209428
Beliya,23.539572,81.603203
Karkati,23.361909,81.12311
Dhaurai,23.364659,81.253339
Badwahi,23.359663,81.29824
Itaur,23.352113,81.317459
Mulhadu,23.352656,81.074422
Barbaspur,23.388572,81.042751
Ramsohara,23.473545,81.127098
Mudkatiya,23.431749,81.146596
Gad Kur,23.431717,81.214867
Bela,23.564883,81.571683
Podi,23.555595,81.53141
Bhadwahi,23.545158,81.562985
Bharuha,23.519027,81.675644
Umariya,23.514549,81.579476
Barutara,23.502043,81.612429
Semariha,23.517525,81.695025
Majhauli,23.498509,81.505173
Bardauha,23.501976,81.489145
Bargawan,23.495657,81.675457
Sagara,23.494758,81.522899
Bharri,23.500346,81.547486
Uchehara,23.493736,81.569902
Bhusaha,23.489517,81.65249
Amha,23.481161,81.618285
Khairbana,23.447169,81.487508
Harri,23.483455,81.595089
Kathoutiya,23.481222,81.490972
Chuhiri,23.486314,81.539489
Chhohari,23.46538,81.553549
Nawa Tola,23.466616,81.575022
Bhogda,23.473839,81.666697
Lukampur,23.474997,81.696026
Odhki,23.477844,81.506598
Chuhira,23.462212,81.536722
Dongaritola,23.469102,81.501952
Ledra,23.451823,81.510204
Koluha,23.462178,81.687258
Mahuwa Tola,23.448437,81.529755
Tikuri,23.45337,81.603162
Rasmohani,23.453143,81.625253
Madsa,23.45207,81.653949
Atariya Tola,23.444786,81.573806
Chandpur,23.44798,81.691334
Bhikhampur,23.443383,81.670649
Harraha Tola,23.443767,81.634524
Ghoghri,23.434052,81.649674
Bhatiya,23.433895,81.680584
Sabo CT,23.234499,81.571261
Amlai CT Part,23.195393,81.601341
Badra CT,23.188989,81.927759
Kelhauri Chachai CT,23.18254,81.641905
Deori CT,23.169009,81.625462
Khairhani,23.418781,81.603075
Deohra CT,23.15161,81.594684
Amlai CT Part,23.203547,81.585657
Mohtara,23.429617,81.618212
Raghopur,23.424027,81.692374
Gurra,23.425843,81.542969
Amohali,23.560297,81.504593
Khairi,23.41919,81.499787
Deogarh,23.424413,81.564802
Titara,23.418956,81.584348
Kachahar,23.416023,81.673824
Boda Tola,23.41687,81.634924
Diyagarh,23.402439,81.531778
Malaya,23.410142,81.648387
Naugai,23.405509,81.630301
Naugawan,23.397603,81.621445
Kanwahi,23.395844,81.48708
Lafda,23.383985,81.563699
Jhiriya,23.389446,81.650958
Padmaniya,23.399232,81.700855
Dongaritola,23.392637,81.595539
Kerha,23.391417,81.668526
Sahi,23.391984,81.585307
Karraua,23.388564,81.681106
Badaudi,23.388843,81.604973
Dhuriyadol,23.377419,81.504546
Kund,23.369622,81.651599
Bodila,23.378662,81.612786
Bhadras,23.383044,81.533165
Akala,23.368574,81.534015
Bokaramar,23.379383,81.696404
Bhogada Tola,23.367393,81.625926
Gudha,23.363847,81.512523
Bhamala,23.364811,81.590868
Bahgad,23.362247,81.665571
Shahpur,23.363759,81.697175
Dudhariya,23.353349,81.537587
Gadh Garh,23.526337,81.509938
Musrafulwari,23.462033,81.81843
Jhik,23.456448,81.917396
Khamhariya,23.454955,81.878636
Kamta,23.460891,81.736272
Kotri,23.454833,81.717443
Bharri,23.448605,81.760699
Majhtoliya,23.447243,81.781422
Kumhedin,23.431795,81.839556
Deori,23.440854,81.744385
Nawa Tola,23.439477,81.904334
Lohasur,23.44375,81.926178
Khartora,23.429368,81.92877
Karchul,23.440356,81.70673
Atrauthi,23.422097,81.888487
Kothital,23.41799,81.789522
Bandhawa Tola,23.429078,81.710758
Chakodiya,23.41336,81.727939
Khujmaniya,23.418552,81.71019
Kudeli,23.398213,81.76024
Ghun Ghuta,23.416058,81.85747
Dhummadol,23.393017,81.813245
Koti,23.394352,81.858491
Kachhar,23.395965,81.904399
Sarai Bahra,23.381083,81.924546
Khamhidol,23.373084,81.723391
Charohandol,23.378026,81.747322
Taraidol,23.379821,81.883182
Doki Budi,23.370003,81.762872
Chhotki Tola,23.369695,81.926802
Kota,23.360666,81.845607
Chitraudi,23.355906,81.815429
Bahera Dol,23.357433,81.773061
Chhinmar,23.354441,81.88845
Khohra,23.527942,81.787551
Godin Buda,23.353275,81.919658
Mohriya Tola,23.353262,81.73582
Kopra,23.352129,81.866878
Dongaritola,23.557878,81.742467
Nand Tola,23.541771,81.766124
Sakhi,23.535752,81.724878
Mauhar Tola,23.536172,81.747141
Khohri,23.536024,81.808637
Bairag,23.527786,81.76484
Nagpura,23.512654,81.749638
Biraudi,23.511979,81.7316
Kadaudi,23.514314,81.803086
Jaitpur,23.478245,81.729087
Karhi Tola,23.506643,81.77545
Pairibahara,23.498261,81.711322
Pipariya,23.499495,81.757919
Jurgu,23.497182,81.803877
Balbhadrapur,23.485285,81.763765
Sejhai,23.47013,81.779713
Balbhadrapur,23.48167,81.753201
Khodri,23.469095,81.710828
Galhatha,23.465009,81.751508
Nawa Tola,23.482069,81.79285
Kudra Tola,23.730554,81.639259
Ramna Kanher,23.515152,81.914013
Chhatai,23.496175,81.890613
Mithauli,23.497738,81.860271
Morga,23.583048,81.526629
Newachh,23.501634,81.828877
Tendu Tola,23.493145,81.926623
Karundi,23.477403,81.903312
Bijuri,23.47105,81.930529
Khichadi,23.465592,81.854604
Dhakhar,23.476186,81.866857
Bartua,23.790463,81.489643
Sichaura,23.794749,81.553523
Domhar,23.799121,81.597791
Keet,23.786268,81.523993
Pondi,23.778232,81.589032
Kunda Tola,23.778722,81.641855
Ghirghori,23.719159,81.568255
Dongarsarwar,23.768789,81.555714
Matohar,23.764965,81.514444
Charhet,23.759415,81.636947
Rampur,23.756936,81.542959
Mair Tola,23.760453,81.592318
Budhsar,23.757865,81.612046
Uchehara Abad,23.74972,81.577282
Kudra Tola,23.748985,81.668274
Chitraw,23.738304,81.513667
Pateriya Tola,23.739668,81.61648
Ratga,23.739525,81.656629
Naudhiya,23.742568,81.541223
Patharwar,23.740258,81.642415
Charkidol,23.730412,81.58844
Lukam Tola,23.725977,81.600055
Mahua Tola,23.723863,81.667136
Saradpur,23.723182,81.621339
Chhapra Tola,23.717007,81.680165
Sarwari,23.717232,81.489519
Barhi Kachhar,23.718121,81.584672
Badkadol,23.715928,81.556691
Bharri,23.709785,81.648096
Mair Tola,23.712602,81.542286
Kusmi,23.704237,81.577496
Baghadol,23.706201,81.52617
Tendudol,23.704232,81.606905
Jhara,23.70308,81.511706
Sikta Tola,23.701706,81.68222
Amajhiriya,23.704577,81.543397
Sidhi,23.695441,81.664644
Rimar,23.687691,81.637852
Thutha Tola,23.692932,81.482985
Nakti Tola,23.697163,81.564658
Lakhnoti,23.688938,81.500179
Amjhor,23.68429,81.554341
Kudari,23.687728,81.591119
Chhapra Tola,23.67734,81.60757
Daraudi,23.677311,81.525736
Duari,23.671112,81.478721
Bhatgawan Kalan,23.669661,81.507498
Chhuihai Tola,23.667286,81.575108
Kudra Tola,23.666286,81.638102
Gandhiya,23.656969,81.530759
Gajani,23.660458,81.553934
Kharika Tola,23.666207,81.614871
Darain,23.660386,81.600897
Bhatgawan Khurd,23.655747,81.500305
Chandaura,23.648435,81.612799
Jagra Tola Jagda,23.65369,81.572078
Lodhi,23.638512,81.495808
Mithi,23.646532,81.5911
Dadar,23.63863,81.553894
Bhursi,23.632084,81.530026
Nawa Tola,23.634194,81.610665
Lapri,23.630204,81.583833
Umariya,23.580285,81.4863
Kurran Tola,23.611866,81.595885
Atariyatola,23.623335,81.512817
Mitaura,23.607272,81.567063
Barkoda,23.602023,81.502475
Adhiyar Khoh,23.611042,81.537287
Mahroi,23.586302,81.543746
Kurkuti,23.579541,81.561639
Uchehara Viran,23.734776,81.565804
Barai,23.577284,81.49971
Mudidol,23.576272,81.513135
Dhanehara,23.69139,81.526621
Bhelma,22.992021,81.934325
Khalbahra,22.970516,81.940029
Tanki,23.124436,82.119139
Chondi,23.124119,81.949345
Chhidmidi,23.112305,82.02126
Majhtoliya,23.116909,81.968078
Padripani,23.124395,82.08464
Bagdumara,23.09792,82.003392
Sikarpur,23.097542,81.981976
Barbaspur,23.100208,81.93754
Badikhar,23.094663,82.027582
Majhtoliya,23.10887,81.96594
Bhedwa Tola,23.098129,82.043131
Cholna,23.069798,81.925648
Umariya,23.01103,81.931571
Pipariya,23.090604,81.959494
Gulidand,23.34398,82.036256
Nimha,23.345672,82.146716
Dhawai Tola,23.335235,82.131185
Saja Tola,23.333072,82.118334
Bhuila,23.343142,82.108686
Kothi,23.327838,82.060665
Kamran Tola,23.328656,81.969852
Keshori,23.325233,81.93901
Kyontar,23.329008,82.098547
Saranggarh,23.323554,82.013503
Jalsar,23.314796,82.133979
Urtan,23.32324,81.981842
Lalpur,23.322745,81.993217
Korya,23.316373,82.079468
Chhulha,23.310454,82.033062
Bahera Bandh,23.301873,82.089895
Nigwani,23.302359,82.012509
Silpur,23.30709,81.982466
Jharokha,23.304115,81.967988
Benibahara,23.301164,82.110677
Chapani,23.298042,81.942685
Bhathadand,23.293174,82.059199
Gadhi,23.289848,82.000149
Bicharpur,23.296826,81.984325
Kudri,23.294466,82.12187
Dhumkahai,23.291903,81.971352
Pathraudi,23.272427,82.035981
Lama Tola,23.279597,81.976438
Bijuri,23.266813,82.130711
Dogariya Khurd,23.278681,82.070185
Baskhali,23.268134,81.99439
Pakariya,23.2667,81.941534
Reula,23.261656,81.962507
Dogariya Kalan,23.264466,82.078532
Mauhari,23.252518,82.015987
Pairichuwa,23.265882,82.010708
Mentola,23.259876,82.055567
Thodaha Dhodaha,23.253775,81.987061
Baiha Tola,23.241383,82.05548
Harri,23.247131,82.088184
Bargawan,23.241285,81.945911
Beliya Chhot,23.235391,82.078092
Kushiyara,23.17707,81.932906
Baskhala,23.238548,82.021962
Manmari,23.228886,81.997707
Parsapani,23.241283,82.129516
Gohandra Gohdara,23.228805,81.978857
Bagaiha Tola,23.229287,81.958128
Nakti Tola,23.234336,82.138973
Kotma,23.204824,81.987366
Reunda,23.223026,82.106363
Katkona,23.218723,82.049668
Pipariya,23.226763,81.935284
Nawatola,23.227184,82.026146
Changeri,23.215834,82.016203
Pipraha,23.217812,82.083953
Pejha Tola,23.215944,82.12295
Budhanpur,23.211966,81.955661
Dogara Tola,23.216492,81.934611
Sakola,23.206348,81.929321
Semra,23.205587,82.082393
Nagarabandh,23.205849,82.058385
Padri Tola,23.202707,82.10767
Ura,23.191493,82.03781
Jamudi,23.193485,82.016281
Khodari,23.188067,82.056225
Pasan,23.166644,81.959205
Fulkona,23.185106,82.083559
Pakariya,23.195162,81.950354
Bhalmudi,23.189654,82.101099
Dadai Bahra,23.180778,82.014349
Sohibelha,23.164103,82.005575
Kuhka,23.171391,82.050479
Dhanoli,23.171563,82.023846
Amadand,23.158505,82.068085
Mlaga,23.161274,82.113785
Majholi,23.160199,82.031845
Nimha,23.150168,82.044712
Payari,23.148223,82.004479
Bhathisarai,23.142909,82.092289
Darsagar,23.132244,81.993172
Bartarai,23.141134,82.070933
Gambhirwa Tola,23.131564,81.975548
Daldal,23.367857,81.996876
Bhad,23.133035,82.02282
Bhalwahi,23.127677,82.067585
Bhalwahi,23.113896,82.0643
Chukan,23.121981,82.048614
Pondi,23.124136,81.96607
Raikowa,23.439976,81.964165
Kanai Tola,23.323252,82.171708
Belgaon,23.321295,82.154323
Ghochimuda,23.311496,82.183639
Bachhauli,23.305226,82.15498
Mirkam,23.427726,81.9589
Thangaon,23.288957,82.163383
Mamra,23.46189,81.947079
Kolmi,23.453408,81.965562
Tikathi,23.453432,81.937339
Chaka,23.351253,81.983064
Darsila,23.403711,81.9725
Latariya Tola,23.409176,81.933524
Biltikuri,23.408805,81.952185
Kolmi,23.391684,81.936535
Kharuha,23.385086,81.959739
Chhatai,23.373896,82.038097
Kanwahi,23.404075,82.02147
Suidand,23.398403,82.00554
Bandhwa Tola,23.391729,81.988887
Bodri,23.375759,82.001704
Khamraudh,23.347048,82.002917
Godaroo,23.361415,81.942008
Jarra Tola,23.371494,82.011612
Dulhi Bandh,23.36249,81.959725
Pachkhura,23.350918,82.019168
Reusa,23.343318,81.961857
Saristal,23.387743,82.102671
Pipariya,23.387661,82.07751
Majhauli,23.377246,82.069074
Bhalmudi,23.376717,82.091914
Chandrauthi,23.366021,82.101189
Majhtoliya,23.370571,82.059278
Umarda,23.359888,82.069936
Pakriha,23.348492,82.094945
Tarsili,23.350393,82.063865
Kutela,23.484312,81.948066
Dola CT,23.217821,82.139611
Bangawan CT,23.196113,82.129395
Dumar Kachhar CT,23.178146,82.128147
Not Available,23.241182,82.107969
Amuwa,24.011552,80.472369
Kenpura,24.416787,80.529394
Bineka,24.024503,80.494878
Jamuniya,23.997796,80.465828
Khamhariya,24.013236,80.435244
Karaudia,24.000249,80.451342
Gadhwa,24.017544,80.484919
Palauha,24.023396,80.44275
Nainiya,23.995819,80.437311
Badari,24.02733,80.565836
Nanhwara Kalan,24.01313,80.554992
Amehta Amhata,24.006195,80.541773
Mehgaon,24.00312,80.520294
Deosari,23.990014,80.517277
Ulichi,24.418854,80.49439
Rajarwara,23.970303,80.51238
Jhiriya,23.991912,80.576601
Salaiya Paharhai Parhai,23.98881,80.490803
Amuwari,23.986252,80.543901
Punchhi,23.969202,80.442124
Kachhgawanc Joba,23.977727,80.470389
Kharkhari,23.977943,80.532435
Bistara,23.963811,80.460377
Gauraha,23.97126,80.578333
Bangawan,23.97411,80.555645
Padkhuri,23.958246,80.500322
Jatwara Khurd,23.962304,80.552803
Joba,23.962929,80.488397
Sangwara,23.963572,80.52873
Jijnaudi Jajnaudi,23.96208,80.56952
Kalahara,24.413218,80.513824
Pureni,23.954712,80.582503
Sakri,23.955056,80.525303
Jobi Kalan,23.948378,80.454743
Harduwa Khurd,23.946882,80.521107
Majhgawan,23.95136,80.481126
Deora Kalan,23.948458,80.543727
Baktha,23.943224,80.560457
Jobi Khurd,23.942046,80.484283
Jiwara,23.935832,80.576371
Harduwa Kalan,23.939383,80.517286
Salaiya Mairhai Maharha,23.936496,80.49955
Dithwara,23.923783,80.471813
Harduwa Kap,23.936231,80.454772
Kanhwara,23.909454,80.452951
Paraswara,23.931615,80.531849
Singhwara,23.927262,80.544215
Sahaspura,23.926026,80.485182
Deosari Indore,23.920206,80.561671
Bhaiswahi,23.921051,80.508307
Deora Khurd,23.866752,80.482384
Tikariya,23.90805,80.541888
Muhas,23.879492,80.520058
Pondi Padariya,23.900526,80.494748
Mauhari,23.901261,80.475222
Kutarhiya,23.90337,80.562951
Ghunsur,23.901108,80.515642
Poniya,23.894105,80.580422
Kursi Kola,23.892734,80.552014
Khamtara,23.885047,80.470537
Piparhata,23.883672,80.454139
Badera,23.875713,80.547384
Mudehara,23.880073,80.49551
Satwara,23.883815,80.574947
Chhata,23.877843,80.532923
Kanti,23.87763,80.564626
Sijhani,23.874351,80.581744
Dadauri,23.865452,80.493602
Madai,23.863135,80.469917
Pahariya,23.860285,80.522262
Padwai,23.858707,80.551027
Jugiya,23.846883,80.527079
Mahgawan,23.851965,80.571789
Barchheka,23.847284,80.561201
Nanhwara Khurd,23.846466,80.538786
Jamuniya Khurd,24.407203,80.565299
Jugiyakap,23.848982,80.485941
Muhtara,23.848808,80.474405
Surki,23.839529,80.471657
Nanhwara Kalan,23.833953,80.539979
Majhgawan,23.821161,80.489138
Pondi,23.82927,80.458911
Banhari,23.827142,80.573048
Amadi,23.825161,80.555467
Bhaduara,23.819774,80.533552
Banahra,23.80674,80.559884
Imaliya,23.849514,80.45952
Gubarda,24.252483,80.489349
Kalda,24.243244,80.508633
Jamda,24.232931,80.412898
Sankuti Pipariya,24.222114,80.569326
Diya,24.243392,80.457904
Mahua Dol,24.228049,80.493849
Khamaria Badi,24.221409,80.540879
Nayagaon,24.21588,80.513424
Salaiya Samari,24.192027,80.422994
Rachhapar,24.204227,80.483606
Reserve Forest,23.847154,80.50434
Jhiria Dilansingh,24.19271,80.495188
Tikul Pondi,24.190943,80.561825
Kusmi,24.18591,80.527158
Darwai,24.18192,80.580855
Shyamgiri,24.163393,80.508114
Sarra,24.166969,80.461696
Pondi Kalan,24.174025,80.535433
Chhatoul,24.116976,80.542559
Kutmi Khurd,24.150905,80.484297
Jursingh,24.149292,80.437126
Mouhari,24.157435,80.574216
Pipariya Pathar,24.165802,80.543097
Mainaha Menha,24.144932,80.538686
Bhamka,24.142268,80.570019
Rampur,24.122818,80.529023
Dhaukhan,24.134813,80.51442
Amadadi,24.214243,80.901885
Donda,24.116289,80.431997
Mihgawan Baraho,24.128053,80.560546
Banjari,24.10041,80.480287
Bhopar,24.114548,80.55127
Baijai,24.099977,80.524397
Bandariya,24.2281,81.025583
Gurji,24.215446,80.468414
Surro,24.18699,80.475679
Rohania,24.19735,80.540213
Barhatola,24.167699,80.554385
Kutarahiya,24.160059,80.521054
Naugawan,24.117257,80.576281
Suhaula,24.105488,80.562771
Tiskili Kalan,24.108288,80.571042
Nayagaon,24.100368,80.554554
Kudari Kalan,24.113574,81.010227
Gumehi,24.085926,80.537776
Tighara Khurd,24.079534,80.566149
Hardua Sani,24.063563,80.463739
Rohiniya Khurd,24.075181,80.525315
Dhanwahi Khurd,24.068689,80.549321
Delha,24.221618,80.823471
Dogargawan,24.05866,80.574925
Pala,24.066258,80.515466
Pakariya,24.064395,80.498867
Gugdi,24.051314,80.482272
Patharhata,24.051654,80.457343
Gugad,24.056643,80.48635
Urdani,24.034377,80.516802
Dhanedi Khurd,24.031902,80.504699
Sabhaganj,24.035258,80.454468
Sakari,24.055163,80.500916
Darshanpur,24.078087,80.446053
Simariya,24.02099,80.646706
Surma,24.051764,80.529916
Bamhan Gawan,24.036206,80.582285
Kudwa,24.026359,80.788306
Ratwar,24.221967,81.020846
Majhgawan,24.011975,80.777954
Dhanwahi,23.988475,80.78994
Kalhara,24.014799,80.58646
Dhanedi Kalan,24.018816,80.6112
Deori Majhgawan,24.009437,80.604236
Paraswara,24.025653,80.676859
Dhanwahi,24.021947,80.636436
Khirwa Khurd,24.020775,80.629056
Khalwara,24.009294,80.617575
Basaudha,24.01367,80.709106
Lukampur,23.999572,80.683735
Khirwa,23.965969,80.78491
Chora Kanera,23.999869,80.758769
Pipra,24.003708,80.737748
Tikar,24.00684,80.652283
Dhora,23.863202,80.593804
Gudeha,23.989674,80.705583
Salaiya Badgaiya,23.998466,80.592677
Khajura,23.989473,80.663032
Dhanedi Khurd,23.992522,80.606232
Vijayraghavgarh,23.984153,80.625642
Chori,23.980187,80.728067
Majhgawan,23.978703,80.595068
Hinauta,23.979029,80.649359
Singhanpura,23.971916,80.684316
Dighi,23.970545,80.763659
Padariya,23.969795,80.660608
Banjari,23.970381,80.636118
Gohawal,23.959387,80.733173
Bhimpar,23.961936,80.649872
Bakeli,23.959306,80.716894
Ramna,23.966095,80.616101
Singaudi,23.942529,80.697027
Manghata,23.954459,80.804141
Looli,23.954155,80.792933
Kothi,24.186211,80.860169
Hantala,23.960723,80.668806
Rohaniya,23.958046,80.625066
Barua,23.954567,80.640324
Goindra Goinda,23.942299,80.607913
Kachhdari,23.840615,80.731596
Urdani,23.952807,80.758396
Deora Khurd,23.944287,80.778117
Khalaidha,23.945894,80.677688
Pipariya,23.949872,80.665081
Padariya,23.943224,80.737329
Madwa,23.979448,80.842052
Khirwa,23.923552,80.663078
Barhati,23.941555,80.632194
Dokariya,23.919639,80.77078
Sijhara,23.924151,80.741924
Dhawaiya,23.931578,80.797038
Ghunaur,23.924315,80.639634
Barhata,23.930489,80.621892
Naderi,23.921406,80.59572
Kundrehi,23.921142,80.715
Patharhata,23.910995,80.695816
Pureni,23.911624,80.610917
Khanna Banjari,23.904186,80.801789
Nadera,23.903476,80.599535
Bangaon,23.903518,80.752883
Kusedi,24.186889,80.675094
Rajarwara,23.903196,80.634693
Sironja Gadariya,23.893942,80.713088
Lurmi,23.891829,80.73734
Hatheda,23.892429,80.663774
Bujbuja,23.886443,80.779031
Gadauwa Gadauha,23.866656,80.764744
Simariya Sani,23.885553,80.696133
Ghughari,23.873727,80.632762
Hadkhohari,23.879457,80.595966
Karaundi Khurd,23.870456,80.797321
Chapna,23.877543,80.648156
Jhiriya,23.876404,80.739341
Pipariya Kalan,23.856845,80.711406
Dadauri,23.860247,80.665536
Khirhni,23.85944,80.68331
Suddi,23.847915,80.629435
Nigahra,23.843447,80.594317
Karaundi Kalan,23.848341,80.795023
Bhadaura,23.834586,80.652431
Sunhara,23.832346,80.585058
Bahirghata,23.835179,80.684472
Paraswara Kalan,23.842176,80.665739
Bagaiha,23.824921,80.7232
Banjar Kothiya Mahgawan,23.834658,80.769178
Basadi,23.822242,80.622866
Kuthiya Mahgawan Muhga,23.81662,80.768474
Sakrigarh,23.814884,80.673413
Surajpura,23.80972,80.741255
Chhindahai Pipariya,23.814305,80.71123
Kumharwara,23.809831,80.691405
Belha,24.181586,80.667809
Salhana,23.800603,80.638935
Karuwa Kap,23.807903,80.654573
Ghudhar,24.027402,80.868613
Kai,24.023608,80.967279
Dhanwahi,24.021251,80.980497
Kotari,23.997818,80.931927
Lohi,24.186184,80.684506
Itora,24.011161,80.830015
Ghaghrota,24.014662,80.882874
Chimta,24.006513,80.921218
Podiya,24.008733,80.963732
Rohaniya,23.999092,80.902685
Khaloundh,24.001739,80.949452
Bharewa,23.99735,81.000057
Indawar,23.984345,81.031119
Madain Tola,23.987644,80.958403
Koylari,23.978501,80.866183
Nadawan Kothar,23.989131,80.9786
Dongari Tola,23.980988,80.998142
Khuteshar,23.977879,80.817363
Deogawan,23.97898,80.896247
Bara,23.985273,80.918575
Mugwani,23.977126,80.967416
Gadariya Tola,23.957279,80.921995
Parsel,24.056126,81.251683
Basehi,23.979308,80.981551
Damoy,23.962307,81.010065
Amarpur,23.959476,80.896428
Mahroi,23.935158,80.938083
Baseha,23.972011,80.985145
Koniya,23.96639,80.838922
Asodh,23.955196,80.966981
Kherwa,23.966789,80.93147
Patana,23.963291,80.985834
Nadawan Kothar,24.000475,80.977571
Karsara,23.959465,80.853308
Dighiya,23.942116,80.907605
Timuwa,23.952286,80.833607
Karsara,23.954877,80.875275
Badchhad,23.935615,80.863646
Bamhangawan,23.937995,81.00529
Ubara,23.929384,80.826131
Chillhari,23.917977,80.968671
Kudi,23.930351,80.90321
Chansura,23.919348,81.02695
Beldi,23.91201,80.933834
Chandwar,23.918495,81.006755
Bachaha,23.915279,80.88648
Salaiya,23.908618,80.900855
Bharauli,23.912355,80.85503
Panpatha,23.866321,81.001772
Doondi,24.102925,80.612937
Barhi,23.893808,80.832583
Padwar,23.894071,80.933923
Paljha,23.892921,80.998823
Kanor,23.891779,80.864123
Badwar,24.18525,81.017543
Mudgudi,23.886203,80.889409
Bardauha,23.885173,80.981121
Pitaur,23.873002,80.928715
Sukhdas,23.862125,80.910607
Tengana,24.179959,81.007232
Bichpura,23.865537,80.843015
Jajagarh,23.855928,80.879461
Gajraha,23.846658,80.945589
Majhauli,23.841377,81.009333
Goraiya Kalan,24.170011,80.66735
Hardua,23.839506,80.915931
Kaseru,23.823874,80.976413
Machhmachha,23.818081,80.849241
Karaundiya,23.824726,80.928667
Kuwan,23.808955,80.817211
Biruhali,23.812629,80.887573
Umariya,23.806286,80.942633
Naman,23.879812,81.020395
Kudiya,23.864021,80.964853
Tikuri,23.966152,80.944686
Baktala,23.978881,80.883456
Tinduhata,24.227695,80.889127
Jararoda,24.001484,80.849887
Gairtalai,23.998793,80.865556
Amrai Kalan,24.215888,80.585252
Dongariya,24.247323,80.665035
Patiya,24.241753,80.842956
Basaura,24.176744,80.61433
Jariyari,24.251184,80.966076
Mantolwa,24.26024,80.830155
Madai,24.226442,80.869876
Dhanwahi Kalan,24.240004,80.850879
Hinauta Gajgauna,24.239525,80.904297
Panihai,24.234728,80.613017
Girgita,24.250673,80.806136
Bartona,24.242598,81.017093
Karaiya Deori,24.230165,80.920562
Narwar Kalan,24.222678,80.935016
Hardua Kalan,24.245156,80.756318
Dadi,24.248092,80.735119
Hardaspur,24.236154,80.828645
Naktara,24.238602,80.713582
Sonwari,24.237496,80.794112
Kharaundhi,24.224692,80.948149
Ganeshpur,24.236659,80.728803
Podi,24.226251,80.73938
Booda,24.238173,80.772615
Kutai,24.223471,80.763987
Berma,24.21019,80.676331
Dhatura,24.216517,80.707494
Hahur,24.22045,81.014952
Mankahari,24.211336,81.006494
Badraukh,24.21569,80.997811
Kudra,24.204483,80.636131
Jhunsi,24.214149,80.99125
Bamhni,24.203528,80.844328
Sagmaniha,24.195217,80.796509
Kidari,24.199919,80.997505
Jajnagra,24.202987,80.978288
Rampur,24.20969,80.982321
Ramchua,24.208036,81.022198
Karaudi,24.195538,80.97375
Goraiya Khurd,24.20888,80.770797
Sonwarsa,24.160759,80.687194
Bihara Khurd,24.194157,80.956799
Kanhwara,24.196371,80.703368
Itama,24.1932,80.719422
Khaira,24.197585,80.766527
Chaupda,24.190445,80.826908
Kolhai,24.189806,80.970262
Madwar,24.197038,81.013643
Amdara,24.111422,80.587365
Hinauta Kalan,24.180484,80.76903
Tikar Khurd,24.17746,80.944082
Bara Khurd,24.181109,80.9314
Roopganj,24.192726,80.733691
Boda,24.185713,80.898123
Devra,24.191759,80.995885
Hinauta Khurd,24.177597,80.953275
Khara,24.16734,80.966363
Arjun Devra,24.184033,80.99382
Bhadanpur N W,24.17071,80.844748
Paraswara,24.167663,80.659066
Lodhauti,24.174709,80.730698
Amadadi,24.173291,80.645176
Kherwa Kalan,24.178615,80.699977
Bharauli,24.172219,80.685584
Itma Khas Bada Itma,24.169514,80.985196
Bidwan Devra,24.175655,80.993475
Amua,24.168109,81.031264
Moharwa,24.166064,80.86469
Bhaisasur,24.17249,80.712414
Datwar,24.164605,81.014455
Barkula,24.163865,80.916399
Bhadanpur S W,24.154191,80.8154
Godin,24.156526,80.882538
Sannai,24.164401,80.767433
Patehra,24.164081,80.898823
Ghunwara,24.153218,80.63353
Ghotari,24.163297,80.889539
Jowa,24.150001,80.939162
Dhabarai,24.149474,80.729543
Dhanwahi,24.163408,81.023625
Irhara,24.164597,80.704146
Raigawan,24.145486,80.618613
Majhiyar,24.158389,80.982695
Umdaur,24.150301,80.844261
Mahedar,24.156708,80.651174
Piparhat,24.147074,80.78407
Rohiniya Kalan,24.147276,80.699913
Shrinagar,24.150086,80.770316
Nado,24.143047,81.000646
Bhamraha,24.143688,80.682693
Amiliya,24.147321,81.019914
Manni,24.144886,80.964015
Barroh,24.127292,80.775681
Badariya,24.139309,80.945204
Goraiya,24.138657,80.911853
Dataur,24.145244,80.981041
Matwara,24.138153,80.663218
Sadhera,24.134223,80.755386
Jhanjhbari,24.138279,80.896715
Pipraw Khand,24.140281,80.873544
Kherwa Sani,24.128719,80.60219
Kuwri,24.123491,80.79708
Deori,24.112886,80.788317
Latagaon,24.101403,80.85827
Riwara,24.126601,80.874817
Budhagar,24.123686,80.645473
Kakra,24.116381,80.819665
Manaura,24.118023,80.681474
Sulkhama,24.11998,80.986855
Kudari Khurd,24.127522,81.012826
Badari,24.116479,80.956288
Mohaniya,24.122994,80.589662
Pachauha,24.117914,80.92775
Judwani,24.113468,80.913928
Semra,24.110918,80.626276
Chatkaula,24.11373,80.834299
Rajhaudi,24.110893,80.901832
Salaiya,24.103879,80.773837
Krishnapur,24.111067,80.885672
Ajmain,24.092431,80.748881
Kuthilgawan,24.095916,80.601058
Baihar,24.098164,80.643539
Bahili,24.088785,80.955826
Sukwari,24.100329,80.997319
Naugawankap Sarang,24.085588,80.92577
Bandhi,24.091135,80.729894
Bhatewara,24.08804,80.672303
Tiskili Khurd,24.088978,80.584548
Badera,24.086073,80.801265
Parasrampur,24.075772,80.823123
Sarang,24.083401,80.903171
Bihara Kalan,24.083453,80.771163
Maudaha,24.070597,80.96202
Ghorbai,24.07972,80.712254
Majhiyar,24.085166,80.814557
Bharewa,24.075835,80.788688
Naugawankap,24.07678,80.63228
Guguwar,24.071846,80.803999
Tikar Kalan,24.072613,80.768829
Mand,24.066467,80.848849
Bhadai,24.067932,80.751458
Banjariya,24.053222,80.83237
Dharampura,24.056492,80.853439
Amatara,24.047651,80.810125
Amiliya,24.038448,80.836503
Bishnupur,24.029532,80.812951
Khairhani,24.234404,81.358005
Jhanda Tola,24.219476,80.786587
Mani,24.207303,80.745105
Pali,24.196346,81.02067
Gorhai,24.180521,80.74552
Pansokhara,24.17456,80.636071
Kudara,24.131641,81.029734
Kolgarh,24.116853,81.031121
Jamuwani Kalan,24.116339,80.726842
Khirwa,24.102058,80.716161
Jamuwani Khurd,24.102653,80.706178
Padrehi,24.098218,80.689707
Harraiya,24.058743,80.656142
Chari,24.068321,80.697989
Karitalai,24.039756,80.70643
Harduwa,24.041529,80.876231
Durjanpur,24.0573,80.678048
Durjanpur,24.075853,80.671475
Amraiya,24.060496,80.634439
Kymore,24.047702,80.613582
Padkhuri,24.025837,81.004481
Harduwa Hanuman,24.057577,80.771867
Bamhori,24.048021,80.746977
Karreha,24.054647,80.870699
Kusma,24.033438,80.726125
Itama,24.031287,81.022309
Salaiya Kohari,24.039468,80.641775
Itama,24.038809,80.855215
Lakhanpura,24.040777,80.788158
Majhokhar,24.020932,80.951168
Gudgadauha Gudgudaula,24.029852,80.601477
Majhyari,24.475202,80.381057
Turkital,24.471439,80.427242
Bhitari,24.462335,80.383965
Bhamraha,24.458235,80.39506
Bachharwara,24.454907,80.415761
Machharha,24.448324,80.406222
Simri Bahadursingh,24.448171,80.419544
Bamurha Devendranagar,24.440039,80.392358
Bhatiya,24.439585,80.424254
Bamhaur,24.436593,80.415325
Saleha,24.426537,80.395284
Selha,24.431708,80.450914
Ganj,24.419498,80.449264
Jamrai,24.427848,80.434027
Manikpur Bishnu,24.425906,80.416
Surma R F,24.038498,80.539566
Reserve Forest,24.00339,80.624997
Jiwara R F,23.914419,80.58336
Budhari R F,23.87999,80.615035
Reserve Forest,23.87688,80.686567
Reserve Forest,23.856165,80.746301
Tank,23.95587,80.817843
Muchmachhc R F,23.807239,80.899364
Bichpura R F,23.836466,80.826583
Tank,24.052029,80.967972
Tank,24.049598,80.907727
Reserve Forest,24.067114,80.876295
Hardua R F,24.037478,80.763917
Nachne,24.409804,80.454235
Nayagaon,24.405067,80.417994
Katra,24.411231,80.399521
Patna,24.383873,80.402131
Madaiya Kulgawan,24.384243,80.425025
Mudiya,24.382675,80.462516
Kachhgawan,24.394246,80.447857
Ghutehi,24.344047,80.500247
Bhitri Mutmuru,24.36243,80.4443
Gangota,24.366471,80.492858
Matewara,24.360609,80.395092
Deori,24.215694,81.03419
Bilha Kangali,24.333988,80.430931
Juda,24.330087,80.457079
Harduwa,24.323755,80.413377
Bijaduha Khilsari,24.290616,80.51098
Birwahi,24.319531,80.484239
Sonai,24.314948,80.50526
Dhawarai,24.222879,81.250796
Janpura,24.292371,80.470395
Madausa,24.504308,80.383698
Bachhaun,24.293569,80.425839
Khamri,24.26382,80.441296
Magarda,24.271559,80.496075
Phudwani,24.286841,80.558259
Amajhor,24.24783,80.551518
Lilwar,24.277166,80.45768
Saktara,24.267126,80.514806
Muhli Dharampura,24.26181,80.537255
Patna,24.462808,80.533154
Lohadar,24.474216,80.484941
Kapuri,24.470235,80.436149
Sijahati,24.471149,80.511902
Majhara Khurd,24.473916,80.454646
Barha,24.473127,80.526473
Dureha,24.457444,80.457523
Amkui,24.448138,80.503705
Bhagda Tola,24.46113,80.551713
Jhigodar,24.439973,80.554507
Umariha,24.459288,80.520112
Kurehi,24.429992,80.527739
Sukhsena,24.427985,80.538109
Nagjhir,24.409813,80.478649
Majhgawan,24.419737,80.512449
Jamuniya Kalan,24.415916,80.549396
Kalawal Patha,24.411657,80.58067
Semri Bihari,24.47228,80.499828
Hardua Kalan,24.410833,80.49956
Itwan Sani,24.408681,80.533136
Pahadi,24.400239,80.551682
Puraina,24.398151,80.519393
Pithaura,24.395841,80.497441
Chautariha,24.391197,80.478019
Banjhir,24.385913,80.574193
Khakhara,24.382988,80.543046
Katariya,24.382319,80.497298
Badgadi,24.365003,80.561358
Jigdaha,24.578419,80.385408
Deori,24.361515,80.526369
Kachhiwari,24.360234,80.58136
Lanhagi,24.314478,80.577636
Madri,24.436619,80.470398
Launjhir,24.43859,80.583362
Hardua Khurd,24.419538,80.480732
Kathari,24.335215,80.567135
Rajapur,24.651923,80.379402
Bara,24.617038,80.535261
Gukhaur,24.631937,80.416069
Devendranagar,24.617802,80.373982
Ratgawan,24.606894,80.423816
Phuldari,24.597873,80.440089
Itwan Tilha,24.607619,80.404233
Sundara,24.604886,80.455183
Dubahiya,24.596485,80.432012
Nunahi,24.593352,80.403918
Simri Vaishv,24.591474,80.420801
Pipariya,24.591377,80.457603
Phulwari,24.588905,80.446748
Golhi Gadhiya,24.572132,80.40836
Amsil,24.566236,80.450312
Bhilsay,24.572935,80.433004
Golhi Pathak,24.578804,80.413859
Bhatharmegha,24.563601,80.371963
Golhi Bhudiya,24.562488,80.399554
Raigarh,24.543742,80.423522
Bhatharjit,24.547841,80.386595
Dharampura?» Amsil,24.544128,80.444496
Tidunhai,24.529698,80.381382
Puraina Devendnagar,24.536456,80.400054
Girwara,24.527009,80.431321
Silgi,24.521136,80.45617
Patiya,24.512844,80.431729
Tighrabujurg,24.519533,80.392501
Supantha,24.514875,80.375129
Tilhadi,24.506267,80.392315
Mangraila Kalan,24.489067,80.378382
Malhan,24.491488,80.427932
Kartariya,24.491634,80.401984
Kathwariya,24.47179,80.407332
Manikpur Kalan,24.485491,80.389539
Bdwara,24.620687,80.404856
Itwanmahgu,24.548852,80.407054
Simari Dube,24.580178,80.368469
Simari Mdeya,24.592915,80.368413
Tiduni Motwa,24.685311,80.397117
Nongra,24.69625,80.51247
Ama,24.678153,80.50314
Bhaji Khera,24.682261,80.488
Purwa,24.691777,80.579306
Mara,24.686886,80.506016
Jamunihai,24.688842,80.570836
Pangara,24.682064,80.523218
Shivrajpur,24.664078,80.450039
Majhiyari,24.676451,80.581865
Madai,24.64651,80.429878
Bandi,24.670278,80.475651
Badkhera,24.668371,80.576239
Kandehali,24.665513,80.515243
Khamhariya Khurd,24.669826,80.562133
Urdana Kalan,24.669288,80.532447
Chitaudha,24.669287,80.546798
Kol,24.657063,80.526368
Deori,24.665182,80.501467
Mahdewa,24.661156,80.47129
Panas,24.659689,80.57918
Barkachhi,24.660187,80.540832
Jaitwara,24.656004,80.505925
Majhgawan,24.633803,80.525234
Katkon Khurd,24.651091,80.570859
Pipri,24.650192,80.488414
Belaundha,24.652359,80.477619
Kota,24.6457,80.500707
Akouna Sathiya,24.637384,80.557397
Khamhariya Kalan,24.64148,80.457626
Dhaurhara,24.640848,80.544466
Duwari Khurd,24.640536,80.479942
Narharpur,24.623764,80.578636
Duwari Kalan,24.634808,80.468805
Rara,24.636877,80.5028
Itma,24.630966,80.481828
Baboopur,24.625088,80.516005
Amiliya,24.616746,80.548458
Badohara,24.616233,80.476134
Kalpa,24.622461,80.443638
Pithaura,24.630525,80.455106
Pakar,24.627025,80.498486
Khairuwa,24.627045,80.542755
Tighara,24.623694,80.487139
Ujnehi,24.60926,80.494701
Chitaudhi,24.661433,80.550936
Chakara,24.661363,80.559866
Semarwara,24.614205,80.518612
Hadaha,24.608087,80.53229
Paraswar,24.606728,80.516154
Madha,24.605372,80.470453
Karahiya Khurd,24.601254,80.508291
Satna Patti Cheenda,24.607323,80.54273
Atraura Kalan,24.601319,80.531445
Khamrehi,24.59854,80.482422
Khakhraudha,24.598337,80.543972
Barapathar,24.588323,80.564584
Bhad,24.594065,80.470469
Karahiya Kalan,24.595503,80.533438
Rohaniya,24.592027,80.582527
Harduwa Kalan,24.586837,80.493691
Atraura Khurd,24.595191,80.520152
Lalchaha,24.590149,80.544618
Nauniya,24.583833,80.506275
Itaura Kalan,24.582393,80.529853
Itma,24.577979,80.468891
Gangwariya,24.572091,80.551036
Itma Baghelan,24.575544,80.498544
Pipri,24.577058,80.574674
Baraj,24.573931,80.581554
Antarbed,24.56868,80.508691
Pawaiya,24.565433,80.490341
Itmapar,24.564865,80.577775
Sahijana Kothar,24.454464,80.879686
Lalchaha,24.564273,80.467877
Sahijani,24.558626,80.482826
Hinauta,24.561267,80.52671
Sukulgawan,24.560208,80.567234
Amsil,24.554545,80.463549
Badhaw,24.556595,80.551145
Umari,24.551613,80.515768
Itaura Kalan,24.544296,80.466893
Madhi Kalan,24.552768,80.533818
Semri,24.543893,80.50135
Gajana Badhaw,24.550278,80.554924
Madatola,24.53991,80.560497
Atraura,24.54207,80.492531
Khajhen,24.533084,80.464727
Reusa,24.534849,80.529227
Rajapur,24.53528,80.570592
Fatepur,24.533772,80.488271
Kathwariya,24.534707,80.545669
Chankunwa,24.531577,80.580077
Tilgawan,24.531277,80.516687
Belhai Kalan,24.524147,80.50416
Dubahiya,24.523159,80.554024
Tilgawan,24.518792,80.517179
Khadarhara,24.520921,80.527351
Dhamnaha,24.510951,80.563379
Badera,24.517166,80.489829
Surdaha Khurd,24.501273,80.582661
Garlagi,24.512809,80.47655
Pansi,24.504824,80.451455
Bhitari,24.509515,80.499353
Rampura,24.510838,80.573335
Gaura,24.511194,80.527085
Umri Chaube,24.506971,80.551953
Jaso,24.496461,80.51904
Chapa,24.509387,80.518877
Bhagda,24.508402,80.488275
Sakarhat,24.506461,80.533508
Kalawal,24.50258,80.481839
Koni,24.505358,80.540545
Gadri,24.499062,80.471468
Chunaha,24.484553,80.56918
Bamuriha,24.493154,80.543911
Raikari,24.492578,80.497608
Umri,24.491041,80.440036
Jogiya,24.491069,80.462245
Kota,24.47589,80.55009
Itaura Khurd,24.491833,80.479629
Majhgawan,24.486259,80.503439
Gadra,24.489246,80.47049
Madan Pokhra,24.483323,80.521964
Semri Kalan,24.484957,80.485643
Kodar,24.493224,80.557272
Satna Patti Raghunath,24.604044,80.561963
Baherawa,24.480273,80.445838
Majhara Kalan,24.481052,80.458049
Runehi,24.47771,80.471671
Murli,24.570793,80.52682
Belhai Khurd,24.52502,80.49088
Gudha,24.646587,80.51046
Bastara,24.612539,80.486604
Sukulgawan,24.599351,80.499718
Mahdei,24.554285,80.579155
Jamunator,24.55506,80.435461
Dudaha,24.520653,80.404774
Umarhai,24.504729,80.409208
Semri Khurd,24.490967,80.488528
Surdaha Kalan,24.471052,80.592774
Belhati,24.472907,81.008831
Krishnagarh,24.449314,81.013444
Jhiriya,24.476464,80.696317
Bihara,24.474674,80.981054
Langargava,24.471766,80.837819
Karpwah Bhaip,24.45425,80.987939
Bhummra,24.448171,80.695095
Madhau,24.465909,80.782192
Khamhariya,24.457332,80.674781
Matri Barmendra,24.457658,80.836952
Kolgawan,24.470796,80.819945
Itama Nadi Teer,24.456455,80.904714
Ledara,24.462307,80.979042
Dhaneh,24.463487,80.799784
Matri Pataura,24.464044,80.872859
Govrao Khurd,24.455848,80.81302
Kordara,24.448871,80.610185
Mohnna,24.447653,80.646137
Bharhata,24.449269,80.82557
Gobrao Kalan,24.44907,80.788509
Pithaurabad,24.447443,80.750325
Bharhut,24.4408,80.871227
Itava Kalan,24.453736,80.799376
Antarbediya Khurd,24.44596,80.719305
Karpwah Kothar,24.451329,80.976579
Mahewa,24.440166,80.957702
Antarhar,24.442391,80.897497
Dewar,24.442145,80.846164
Bihata,24.431232,80.784541
Koniya Puranik,24.438847,81.02826
Kheriya Paipkhar,24.444011,80.980686
Koniya Mohandas,24.442073,81.002878
Kudahari Khurd,24.440582,80.800574
Baboopur,24.432778,80.922887
Nargi,24.112725,81.80973
Duwari Kothar,24.440124,80.995317
Panni,24.438588,80.604927
Kharwahi,24.408833,80.892755
Kudahari Kalan,24.436291,80.818198
Kanyari,24.429837,80.893614
Karimati,24.430234,80.658644
Kheriya Kothar,24.435826,80.976623
Hinauta,24.102981,81.815745
Koniya Dharampur,24.436416,81.010195
Khamha,24.416223,80.637054
Umari,24.425467,80.949521
Palhanpur,24.416462,80.799057
Duwari Unamulan,24.429714,80.994523
Koniya Kothar,24.429096,81.019291
Kotrahi Khurd,24.424511,80.619243
Bandraha,24.424297,80.724547
Binchawa,24.429722,80.596238
Amiliya Patha,24.42527,80.585012
Shivpurwa,24.419761,81.009296
Mahrajpur,24.425982,80.688513
Naugawan,24.425598,80.826181
Sonaura,24.426332,80.982595
Akahi,24.422596,80.8156
Bhuruhra,24.395605,80.692045
Khukhada Kothar,24.423999,81.026724
Gudha,24.419112,80.599562
Kotrahi Kalan,24.416822,80.624364
Kastari,24.443838,81.343214
Pipri Kalan,24.418775,80.838279
Sakhauha Kalan,24.416459,80.654655
Choraha,24.415132,81.018245
Khaleshar,24.47197,80.963297
Jaitpur,24.461267,80.622358
Akauni Kothar,24.449208,80.995403
Dudaha,24.410409,80.939199
Rampur Murwar,24.415012,80.915552
Shivrampur,24.393955,80.606636
Bhadari,24.415544,80.974074
Dadri,24.420017,80.858138
Asarar,24.405532,80.989987
Chakera,24.407887,80.953954
Chorhata,24.397697,80.923011
Koniya,24.411206,80.8616
Kadiya,24.38043,80.621507
Deogana,24.402498,80.595204
Urdani,24.407739,80.834976
Sakhauha Khurd,24.404603,80.655117
Podi,24.404144,80.856302
Urdana,24.403427,80.844441
Majhiyar Unmulan,24.404032,80.971294
Obari,24.402444,81.01059
Gadri,24.392097,80.674973
Katiya,24.400233,80.823399
Sonkachar,24.390797,80.871052
Jarmohra,24.391073,80.879875
Itama,24.392781,80.97529
Karahi Kalan,24.390722,80.848044
Kansa,24.374455,80.917129
Unchahara,24.396583,80.78775
Mugahani Khurd,24.36618,80.725695
Katar,24.371708,80.758287
Itha Khokharra,24.389433,80.716341
Itama Kothar,24.393007,80.895478
Deori,24.390711,80.948877
Dobha,24.37945,80.647669
Chauthar,24.375799,80.819025
Paprenga,24.38826,80.814768
Dhaniya,24.375368,80.674509
Majhakpa,24.387701,80.782485
Lakhaha Paipkhar,24.382553,80.926414
Bhatgawan,24.381953,80.898505
Bara,24.381259,80.882285
Barreh Bada,24.333715,80.998252
Beeda,24.378504,80.96445
Dwara Mugahani,24.376386,80.73433
Kulpura,24.37907,80.806918
Gadauli,24.377091,80.870755
Badkhura,24.374327,80.940502
Dhamanahai,24.374706,80.779776
Ragala,24.36869,80.795771
Panna,24.359748,80.599522
Uphari,24.371959,80.89777
Semara,24.364889,80.972743
Barethi,24.362886,80.881485
Magraura,24.36124,80.854361
Parasmaniya,24.369469,80.627096
Patharhata,24.360324,80.820608
Amatola,24.353441,80.872556
Piparwah,24.363922,80.90765
Tikar,24.356282,80.64669
Mauhariya Lalan,24.363341,80.941984
Bharauli,24.360263,80.628446
Mauhariya Mathuriya,24.35748,80.940325
Deora,24.337335,80.847767
Ichoul,24.347896,80.786362
Karaundi Upadhyay,24.335226,80.936925
Barreh Bihariram,24.347287,80.999219
Barreh Chauhan Tola,24.352724,80.989341
Kasei,24.34872,80.926842
Gobri,24.349546,80.907648
Barreh Jokhuram,24.346756,80.975991
Amilya Kalan,24.346285,80.833961
Urai Chuwa,24.339367,80.693343
Jarmohra,24.350153,80.961756
Kothi,24.342091,80.759487
Paraswahi,24.335664,81.021635
Belhati,24.346484,80.80961
Rampurwa,24.336057,80.746563
Mauhariya Dewarth,24.343103,80.940263
Balrampur,24.340482,80.822734
Basadi,24.33257,80.830808
Dandi,24.332964,80.624482
Barreh Maniram,24.341226,80.982096
Barreh Gurudayalram,24.343244,81.009763
Jamtal,24.342239,80.965821
Karsara,24.337958,80.896799
Karuwa,24.338232,80.880187
Mauhariya Jagannath,24.335388,80.952522
Banshipur,24.324181,80.820462
Kushali,24.331732,80.797753
Gobariya,24.329884,80.91391
Chapna,24.318369,80.926625
Karaundi Dubey,24.311823,80.93443
Jhakhaur,24.314782,80.687045
Majhtolwa,24.336356,80.909696
Gadauli,24.333476,80.965461
Kartaha,24.320671,80.878538
Amarpatan,24.311189,80.985072
Mauhariya Ramgopal,24.327411,80.947148
Bathiya,24.310189,80.900783
Richhi,24.326012,80.605756
Rigra,24.298039,80.944662
Lalpur,24.321618,81.01352
Pipariya,24.324118,80.61334
Korwara,24.323076,80.750982
Jhurkhulu,24.323044,80.729583
Ragauli,24.322922,80.777411
Dhausad,24.319315,80.624342
Gahwara,24.318823,80.799709
Kanchanpur,24.312357,80.955113
Bheda,24.30593,80.861788
Bermay,24.301626,80.659885
Bela Railpur,24.317594,80.787409
Bakaina,24.315313,81.027423
Malhan,24.314095,80.610137
Jeetnagar,24.312754,80.772473
Mau,24.304951,80.823506
Kordari,24.26511,80.65842
Kalyanpur,24.311408,80.73483
Barhi,24.307664,80.789014
Dabra,24.308877,80.62386
Pipra Kalan,24.313286,80.802678
Tanaja Banshipur,24.31042,80.836099
Bijawah,24.306585,80.587795
Badhaw Patha,24.299035,80.713326
Suaa,24.301951,81.015847
Katiya Khurd,24.303172,80.961411
Rampur Patha,24.291434,80.683724
Bela Nadipur,24.300495,80.773921
Ladbad,24.301609,80.634659
Alampur,24.304006,80.606013
Dolni,24.30282,80.802803
Naraura,24.278659,80.841165
Manpur,24.289888,80.753788
Nadan Sharda Prasad,24.289592,80.928552
Belakhas,24.296318,80.79076
Tusgawan,24.29657,80.620041
Reusa,24.297923,80.889384
Atarhara,24.293936,80.848645
Barre,24.295113,80.587352
Sirmili,24.283114,80.88562
Patihat,24.291509,80.603925
Dubehi,24.290821,80.960715
Tamha,24.295157,80.806936
Pahadi,24.28339,80.827641
Judhmaniya,24.288403,81.00047
Barahiya,24.288666,80.902765
Khudara,24.290928,80.881208
Mauhariya Hanuman,24.355621,80.95012
Parsokha,24.2851,80.806893
Umri Paila,24.287777,80.783028
Arkandi,24.281955,80.734768
Silauti,24.28111,80.865176
Tilaura,24.279979,80.851688
Karijhir,24.262389,80.628613
Kumhi,24.281228,80.624341
Rar,24.27958,80.670413
Jurwan,24.27943,80.876745
Mudi,24.280133,80.946846
Kharam Seda,24.251925,80.991835
Karaundi,24.280084,80.639386
Gadhaut,24.276747,80.658691
Lakhanpur,24.268817,80.808991
Itma,24.269307,81.020778
Tighra Kalan,24.27479,80.786893
Jura,24.273077,80.899668
Lakhwar,24.276777,80.809148
Kirhai,24.259438,81.017408
Nadan Shiva Prasad,24.268177,80.927862
Amdari,24.262467,80.693934
Udaipur,24.267141,80.74607
Maihar,24.26104,80.770473
Basaha,24.267147,80.643482
Buderua,24.258035,80.946938
Karaundi Kapnadan,24.261519,80.911833
Patehra,24.261834,80.753914
Umri Pipari,24.265745,80.868207
Jarua Narwar,24.25502,80.937175
Sahilara,24.258822,80.7249
Amilya Khurd,24.260602,80.809289
Katiya Kalan,24.260666,80.791504
Harnampur,24.251506,80.783096
Amda,24.252522,80.739666
Tamoriya,24.316844,80.916036
Kolhai,24.273532,80.713431
Jhanjhi,24.438237,80.592241
Saunta,24.412361,80.763934
Kulhariya Kalan,24.437139,80.61817
Panna,24.428466,80.606871
Khadaura,24.426321,80.866628
Bhandar Talai,24.408615,80.816837
Suwarguda,24.386385,80.589507
Sirgopahad,24.375542,81.010933
Bagaha Kachhar,24.376873,80.833964
Lakhaha Chaknai,24.361669,80.930044
Majhgawan,24.338947,80.650372
Mauhariya Lalu Bagaicha,24.347611,80.94978
Mauhariya Ramvishal,24.341203,80.952134
Barreh Akhata,24.332328,81.008544
Badi Khol,24.314045,80.713393
Bira,24.305255,80.750726
Jhinna,24.297422,80.969437
Magardaha,24.291006,80.64522
Mudiya,24.267042,80.880114
Majhiyar,24.263865,80.854864
Narhathi,24.371791,80.8321
Mainaha,24.431041,80.85431
Akaha,24.430178,80.839695
Bataiya Khurd,24.452397,80.866031
Kulhariya Khurd,24.431218,80.618303
Pipra,24.415666,80.695132
Kandehali,24.407041,80.727753
Chakargohan,24.685985,80.591471
Sohariha,24.432998,80.76764
Gauriya,24.421288,80.751063
Titahidandi,24.402421,80.748734
Khujha,24.41517,80.777554
Bijahara,24.404149,80.778502
Dhaura,24.453797,80.852982
Karahi Khurd,24.382044,80.83862
Mugahani Kalan,24.390854,80.738086
Karaundi Jahila,24.315191,80.943705
Barreh Patila Tola,24.335712,80.986758
Rajaha Majra Lakhaha,24.369212,80.927014
Majhgawan,24.36327,80.678027
Khoh,24.375082,80.706466
Kutmi,24.272092,80.599911
Aber,24.697954,81.016179
Kotar,24.698677,80.980528
Pawaiya,24.695662,80.761645
Naukhad Khurd,24.699324,80.677089
Garlaga,24.700481,80.653927
Sohas Unmulan,24.69454,80.947704
Kathwaria Vritt,24.698998,80.801763
Guluwa,24.690551,80.779358
Itma,24.677808,80.938416
Belgahna,24.694728,80.597946
Nipaniya,24.694077,80.70914
Majhgawan Surfi,24.699309,80.832757
Chirhuli,24.698725,80.812082
Dangdiha,24.690136,80.920539
Hadkhar,24.690278,80.619205
Matiwa,24.691294,80.857795
Itwa,24.687931,80.668414
Delaura,24.687579,80.73926
Gendhwa,24.692702,80.848309
Barreh,24.691514,80.834192
Garlagi,24.691277,80.65624
Kothra,24.682471,80.907776
Dhaurhara,24.679357,80.690071
Majhiyar,24.688997,80.703629
Pasi,24.686246,80.894246
Odhaki Kalan,24.678042,80.648783
Karahiya Khurd,24.680004,80.605427
Chirhuli,24.679746,80.801157
Baraha,24.683578,80.679848
Korgawan,24.676609,80.732453
Karsara,24.686027,80.874768
Odhaki Khurd,24.680153,80.641795
Pata,24.683725,80.827216
Narayanpur,24.678701,80.71551
Pawaiya Kothar,24.68112,80.961821
Majhgawan,24.676958,80.885097
Bandhi,24.676771,80.659301
Pata,24.672588,80.748217
Bauliha,24.682073,80.705241
Kunwa,24.66605,80.930315
Mahuta,24.676855,80.627276
Poindha Kalan,24.670537,80.902988
Bharjuna Khurd,24.669056,80.863128
Itaura,24.676787,80.67437
Nakti,24.672349,80.770473
Mahdei,24.675236,80.781367
Gaura,24.677526,80.844394
Kunchi,24.677422,80.823118
Mainpura,24.674594,81.027582
Kalhari,24.669873,80.722736
Akauna,24.672789,81.006627
Kalhai,24.671831,80.702835
Kunchi,24.669193,80.635381
Tikri,24.670155,80.992604
Sujawal,24.664653,80.593366
Bairiha,24.670775,80.818887
Kaichibag,24.672458,80.834253
Rangoli Kothar,24.672618,80.967319
Bela,24.668415,80.612369
Shaha,24.664681,80.851375
Karahiya Kalan,24.667761,80.60056
Bara Khurd,24.664516,80.894985
Barakalan,24.669252,80.79543
Niranjanpur,24.667503,80.872756
Rehuta,24.667743,80.673518
Bamhauri,24.65925,80.979008
Raigaon,24.662597,80.704965
Hinauti,24.660003,80.620353
Masanaha,24.655865,80.673178
Chaura Kala,24.660875,80.803079
Bardadih,24.660563,81.025382
Rampur Chaurasi,24.644057,80.816859
Tikuri Kala,24.641475,80.841669
Patauda,24.664275,80.960727
Tedhgawan,24.666286,81.017338
Bharjuna Kalan,24.654281,80.879921
Chanpurwa,24.658857,80.810318
Badkher,24.664995,80.782835
Padraut,24.657589,80.64746
Khamhariya,24.654164,80.998111
Delauri,24.658567,80.73812
Korgawan,24.658722,81.01605
Kudiya,24.654864,80.784942
Shivpurwa,24.657643,80.844787
Gadara Pawai,24.658235,80.685274
Mudhaha Kalan,24.651193,80.748337
Tumin,24.654808,80.762525
Poindha Khurd,24.652802,80.910611
Jirwar Khurd,24.653358,80.707049
Ginjara,24.643908,80.624185
Bari Khurd,24.651868,80.937092
Tikuri Khurd,24.652344,80.854851
Umari,24.64539,80.864372
Chhipiya Dandi,24.654264,80.95572
Hinauta,24.65139,80.63718
Shahpura,24.64322,80.693708
Tikuri Kothar,24.648601,80.845242
Bari Kalan,24.640664,80.896726
Goraiya,24.6362,81.02236
Gadara Kothar,24.647265,80.679607
Khujha,24.646781,80.799476
Bhumkahar,24.644431,80.77399
Lohra,24.647621,80.952533
Puraini,24.644907,80.886125
Nimi Vritt,24.635324,80.918714
Ramasthan,24.633286,80.971908
Dhankher Khurd,24.638054,80.764569
Bhatgawan,24.635116,80.722799
Birhuli,24.638845,80.658567
Baraj,24.635349,80.908909
Mudhaha Khurd,24.640376,80.74729
Ahirgaon,24.632429,80.783993
Rampurwa,24.692223,80.641441
Majhiyar,24.639126,80.953089
Lalpur,24.6321,80.85824
Umarhat,24.629998,80.672161
Shivpur,24.629172,80.734669
Beohari,24.61522,80.606402
Ghughchihai,24.623455,80.988314
Sagama,24.631069,80.834767
Hamirpur B,24.691674,80.63077
Bathiya Khurd,24.631038,80.880153
Phutaundhi,24.630447,80.948775
Lilauri,24.630023,80.932392
Mahkona,24.629172,80.697175
Dhaurhara,24.626999,80.763762
Naina Sagmaniya,24.618891,80.893946
Basudha,24.621828,80.655483
Bathiya Kalan,24.622683,80.869181
Hadbadpur,24.624697,80.846607
Pithaipur,24.617611,81.030004
Bhad,24.621747,80.805861
Tikuri,24.620744,80.642053
Phutaundha,24.621949,80.941375
Majhgawan,24.61991,80.828185
Khamhariya Tiwariyan,24.615708,80.957582
Birhuli,24.609739,80.906568
Dhankher Kalan,24.617919,80.743448
Karhi Kothar,24.598381,80.792508
Rajarwara,24.614926,80.705558
Bachwai,24.615171,80.767834
Chaurakhurd,24.691734,80.807573
Dagdiha Tukda,24.698947,80.902816
Gaura,24.696543,80.877609
Bouliha,24.698708,80.894659
Majhgawan,24.65466,80.723659
Dharampura,24.652495,80.9667
Kaima Unmulan,24.619475,80.85576
Malgaon,24.614782,81.002246
Sarbahana,24.614084,80.929748
Chhinda,24.612194,80.725826
Lohra,24.615463,80.91838
Bhatpurwa,24.611696,80.940915
Kaima Kothar,24.61332,80.851285
Sapti Dube,24.609769,80.678069
Sapti Maphi,24.611348,80.693034
Khamhariya Kalan,24.604083,80.711429
Kachanar,24.605974,80.640398
Bela,24.611084,80.873359
Barha,24.611366,80.735995
Karhi Harmall,24.603573,80.813489
Khaira,24.605423,80.82851
Bachbai,24.606408,80.741834
Karhi Pawai,24.608193,80.80544
Helaundha,24.603811,80.661216
Khamhariya Payasin,24.605718,80.949473
Jamodi,24.602775,80.967157
Chulhi,24.595814,80.998025
Sakariya,24.598288,80.9179
Majhiyar,24.604891,81.002148
Bader,24.600314,80.932456
Satna,24.574874,80.854852
Harduwa Majhol,24.601764,80.750312
Rewra,24.603193,80.770976
Khajurhara,24.597861,80.981675
Nauwasta,24.599849,80.689181
Khamhariya Khurd,24.595159,80.729384
Atarhara,24.593932,80.962515
Mohanna,24.594238,80.94918
Chakmurar,24.593629,80.906339
Giduri,24.590209,80.802981
Sandwa,24.593495,80.595783
Khaira,24.590419,80.609457
Saristal,24.589351,80.780695
Bhulani,24.592697,80.626604
Patna,24.593084,80.713799
Deora,24.591763,80.770588
Salaiya Unmukt,24.590848,80.670186
Bamhaur,24.59296,80.750994
Barkoniya Kothar,24.594264,80.6481
Amaudha Khurd,24.589214,80.818425
Matehana,24.583759,80.931322
Mand,24.584093,80.945618
Barkoniya Maphi,24.588059,80.640346
Badarkha,24.584715,80.984938
Damha,24.583003,80.699156
Hinauti,24.587292,81.008995
Karrahai,24.58015,80.917531
Lalpur,24.581085,80.717758
Kolar,24.586243,80.682355
Itma,24.578658,80.757744
Satri,24.580276,80.964247
Sitpura,24.576416,80.735005
Itaura,24.58611,80.792141
Nagod,24.57152,80.600594
Majhbogawan,24.570061,80.821038
Bikara,24.58119,80.625259
Reruwa Kalan,24.582672,80.655373
Satdhar,24.582211,80.771062
Chakbandi,24.578336,80.798138
Brethiya Kothar,24.571541,80.686313
Hinauta,24.571091,80.9868
Madhi Khurd,24.578258,80.667795
Mauhari,24.572574,80.704521
Sohawal,24.575185,80.788869
Bamhauri,24.564587,81.012778
Mankahari,24.569817,80.998947
Sijahata,24.584225,81.023354
Salaiya Kothar,24.572867,80.638469
Ganesha,24.566091,80.953324
Akauna Khurd,24.570334,80.66845
Semara,24.571211,80.940389
Kachloha,24.565638,80.622529
Reruwa Khurd,24.567958,80.653638
Bhitari Ubari,24.563306,80.709183
Bharri,24.558586,80.769902
Baghedi,24.566866,80.792839
Patouda,24.567206,80.676199
Babupur,24.568828,80.782105
Ghorhati,24.562598,80.75279
Beeriha,24.565428,80.896957
Sidhauli,24.564916,80.938172
Bhitari,24.560832,80.691181
Patwara,24.561501,80.646025
Koni,24.560764,80.73566
Barbasa,24.55944,80.927778
Lakhamad,24.557682,80.714896
Sohaula,24.564196,80.784197
Jakhi,24.562854,80.726937
Chakahat,24.557258,80.756975
Sajjanpur,24.565901,80.973057
Madhavgarh,24.574109,80.88846
Khairi,24.558803,80.6773
Sejahata,24.554988,80.87553
Narsinghpur,24.556733,81.000241
Mahurachh Kadaila,24.551542,80.991882
Sonoura,24.547156,80.886804
Semri,24.549678,80.651097
Chan Kuiya,24.546001,80.611405
Jiganhat,24.55087,80.802203
Dadhiya,24.546632,80.779164
Lohara,24.559385,80.941837
Katiya,24.558221,80.897543
Dadhiya,24.55206,80.979001
Ghinauchi,24.552761,80.93503
Khari,24.549711,81.028384
Gada,24.548818,80.951812
Bathiya,24.551213,81.016785
Shahpur,24.551788,80.591803
Delaura,24.551536,80.964553
Majhokhar,24.551654,80.744795
Amdari,24.5495,80.727802
Tikuriya,24.548142,80.921717
Bari,24.548685,80.904361
Turkaha,24.54802,80.679168
Koluha,24.547738,80.711361
Lohraura,24.541746,80.826584
Chakahata,24.547191,80.755783
Mataha,24.546837,80.976757
Kolhuwa,24.539621,80.975545
Itaura,24.541506,80.916871
Marauha,24.540914,80.936296
Shankarpur,24.535957,81.007378
Semriha,24.537404,80.757731
Imarti,24.543126,80.736836
Pataura,24.520377,80.784374
Furtal Khurd,24.537498,80.666559
Pathraudha,24.538712,80.675931
Tighara,24.535786,80.840995
Turri,24.541609,80.750127
Kulgarhi,24.535153,80.710897
Baraha,24.538923,80.899361
Amkui,24.538196,80.644883
Majhiyar Kalan,24.536582,80.909076
Shyamnagar,24.519564,80.688389
Bairagal,24.533451,80.684914
Koni Pandawali,24.52953,80.590028
Harduwa Kothar,24.533591,80.816689
Bansabarri,24.535698,80.741046
Furtal Kalan,24.533082,80.662075
Richhahari,24.521703,80.962252
Chauthaha,24.528466,80.831854
Atarhara,24.533599,80.981679
Pangari,24.532216,80.748912
Sonvarssha,24.533719,80.872635
Purwa,24.534574,80.925859
Belahata,24.531796,80.885587
Mahdei,24.531973,80.855679
Urdan,24.529393,80.618767
Lalpur,24.521338,80.720853
Bandhi Mohar,24.508552,80.817717
Majhiyar Khurd,24.526544,80.952237
Saraya,24.527532,80.904272
Khagaura,24.533025,80.918931
Gahilokhar,24.524568,80.933333
Beernai,24.520356,80.944096
Basaura,24.530563,80.692812
Majhgawan Khurd,24.530741,80.651465
Mughar,24.528667,80.637371
Atra,24.523425,80.757835
Badhaiya,24.523987,80.980333
Sonwarsa,24.525608,80.870234
Nandaha,24.521094,80.733125
Badhaura,24.523024,81.018312
Gauri,24.526378,80.921811
Harduwa Ubari,24.522737,80.845125
Umri,24.525143,80.857143
Ghateh Kalan,24.526059,80.656681
Badhaura,24.515906,81.015293
Mahendrapur,24.520381,80.605012
Pangara,24.521838,80.745432
Manikpur,24.515668,80.704435
Lakhaha,24.520085,80.890815
Padkhuri,24.513294,80.983167
Rahikawara,24.515135,80.642134
Gunhar,24.517601,80.62471
Ghateh Khurd,24.519791,80.659485
Pateri,24.516604,80.860562
Bhagdeora,24.518984,80.923573
Ghoti,24.515552,80.871001
Amiliya,24.517479,80.903932
Radhepur,24.492014,80.622296
Barhata,24.507048,80.878039
Gadhwa,24.496473,80.683565
Selhana,24.500925,81.008836
Baijanha,24.500168,81.00178
Bhatanwara,24.508909,80.849907
Chakdahi,24.506519,80.893208
Dudaha,24.501158,80.729831
Kaitha,24.504946,80.863192
Birpur,24.498799,80.769675
Guduhuru,24.504677,80.994937
Dudahi,24.502979,80.707923
Semri Dube,24.498197,80.847194
Gantha,24.484769,81.027853
Ghudhuwa,24.479643,80.811855
Lilaha,24.490947,80.981436
Nemuwa,24.496676,80.991686
Sahijana Ubari,24.483334,80.870175
Pondee Garada,24.476394,80.740554
Gauhari,24.481906,80.903555
Antarbediya Kalan,24.482355,80.783724
Semri Kurmahai,24.491505,80.837179
Dinpura,24.48466,80.843544
Gunjhir,24.485804,80.696996
Kudiya,24.481999,80.978835
Jadavpur Kothar,24.479278,80.62677
Jirwar Kalan,24.64185,80.710816
Bhardwaran Tola Kothar,24.626151,80.750179
Pater,24.626097,81.00458
Amha,24.586405,80.708835
Badkhera,24.579972,80.634726
Madwajhar,24.484452,80.939789
Katkon Kalan,24.623009,80.625617
Padariya,24.592504,80.694117
Badkhera,24.522732,80.879418
Piprokhar,24.537442,80.767164
Barethiya Ubari,24.579278,80.684669
Tatiyajhir,24.502605,80.652846
Dhausad,24.480938,80.673516
Tighra,24.501287,80.667335
Tikuri,24.508555,81.014957
Goura,24.614684,80.791366
Sherganj,24.573981,80.809776
Lamtara,24.5669,80.802545
Mednipur,24.692768,80.840513
Kusiyara,24.675794,80.851943
Nimi,24.588158,80.893943
Baboopur,24.64159,80.938962
Salaiya,24.663997,80.832998
Koniya,24.478156,80.65608
Amgar,24.502003,80.693649
Gaura,24.672739,80.857252
Satna Rly Colony OG,24.571423,80.835466
Arrhat,24.462605,81.39846
Sidhpur,24.92182,80.398373
Panari,24.903085,80.472796
Nawasta,24.913958,80.371328
Baveru,24.914469,80.349145
Biladi,24.912888,80.388919
Rampur Hardi,24.909628,80.359602
Jaruwa Kheda,24.899322,80.519129
Simariya,24.889104,80.405709
Kalyanpur,24.90191,80.347312
Hirapur,24.897137,80.372912
Jhanda,24.891061,80.580887
Bhairaha,24.886796,80.338221
Chunaha,24.88634,80.353336
Imloniya,24.881765,80.44048
Kudakpur,24.86894,80.51081
Sildhara,24.878176,80.556155
Chataini,24.872995,80.386172
Luharhai,24.8736,80.526051
Shahpura,24.866132,80.546606
Gahra,24.835348,80.449913
Jamunha,24.852626,80.579464
Pahadi Khera,24.846293,80.514285
Rahuniya,24.854832,80.360795
Hardwahi Bhawanipur,24.846851,80.55424
Itaura,24.849559,80.531998
Gujar,24.848235,80.349055
Singhpur,24.843168,80.418316
Udaipur,24.836512,80.472981
Kunwarpur,24.825315,80.43091
Maira,24.827523,80.361646
Umari,24.834255,80.573115
Bangla,24.832044,80.370742
Bhasuda,24.800174,80.504612
Hirapur,24.822246,80.49169
Bhawanipur,24.818947,80.542772
Phutijhir,24.823435,80.565811
Bhamka,24.816907,80.402839
Dharampur Dhanoja,24.814728,80.463701
Ramkhiriya,24.817821,80.421375
Paharuwa,24.814138,80.376752
Dharampur,24.815358,80.414513
Gajna,24.803201,80.482258
Brijpur,24.802561,80.422022
Dhanoja,24.801468,80.448795
Damchuwa,24.781836,80.450437
Bijwara,24.80271,80.368096
Sirswaha,24.805239,80.394519
Badera,24.791663,80.462686
Badgadi Khurd,24.786014,80.409828
Hatupur,24.778946,80.427076
Itwa Khas,24.768733,80.377441
Akla,24.783288,80.403889
Shahpur,24.774273,80.47304
Sukwaha Kalan,24.782059,80.48364
Pukhra,24.759899,80.444608
Makarikuthar,24.723413,80.385225
Damchuwa,24.860046,80.473481
Shankarpur,24.857902,80.457833
Pathariya,24.852871,80.427535
Raipani,24.82818,80.390233
Khmriya,24.790323,80.343844
Umarjhala,24.746318,80.360431
Khirwa,24.813384,80.364351
Pali,24.852604,80.376215
Bandha Alias Naubasta,24.745263,80.502789
Kathwaria,24.911653,80.551286
Salikpur,24.920933,80.498028
Kodwarin,24.918931,80.526762
Kudiya,24.742913,80.478791
Sehalaxmanpur,24.893243,80.493445
Duduwa,24.79583,80.557673
Usrar,24.749478,80.53586
Chamar,24.774133,80.517951
Pahadiya,24.766011,80.568416
Urdana Khurd,24.747401,80.413293
Medhkani,24.758094,80.551016
Jharsi,24.750275,80.579332
Kadhmanu,24.736658,80.452737
Gonda,24.74502,80.525313
Durgapur,24.712962,80.474555
Chaupada,24.732248,80.556909
Raund,24.702574,80.536429
Mora,24.700548,80.433138
Jhiriya,24.710242,80.562836
Purusottampur,24.708793,80.554517
Bhaihai,24.705316,80.576341
Dhedo,24.740087,80.436612
Jhali,24.856714,80.552851
Patalia,24.857655,80.49254
Icholiya,25.012782,80.366241
Sukwaha,24.998012,80.341168
Rajapur,24.990045,80.356047
Biharsakhariya,24.980873,80.331791
Nandanpur,24.971156,80.344879
Bahirwara,24.958483,80.355205
Shahpura,24.949374,80.334914
Baraha,24.967724,80.558373
Hardi,24.929788,80.355394
Salaiya,24.922947,80.337105
Makhanpur,24.944394,80.35846
Nakarhai,24.94095,80.566311
Marwa,24.871149,80.91322
Lalitpur,24.926358,80.515418
Bhadaiyan,25.033207,80.430458
Khora,25.019037,80.406126
Chandrawal,25.033209,80.39384
Nizampur,25.010745,80.441299
Madarka,24.997734,80.386234
Kiratpur,24.994701,80.419149
Narayanpur,24.964749,80.430674
Dharampur,24.972685,80.452974
Nayagaon,24.961795,80.387103
Majhgawan Kalinjar,24.963532,80.416071
Champatpur,24.969184,80.399826
Kudra,24.949883,80.464309
Jahangirabad,24.998513,80.457248
Ramnagar,24.989973,80.447276
Krola,24.909653,80.445872
Kalyanpur Khora,25.012582,80.427176
Imlahat,24.976598,80.363427
Baraha,24.912622,80.660189
Gopalsagar,24.985776,80.511179
Mudiadev,24.992651,80.53518
Saraian,24.975886,80.495597
Jawarin,24.970525,80.57374
Balbhadrapur,24.963637,80.491396
Kaunhari,24.949799,80.492451
Gopalpur,24.961616,80.539414
Kairot,24.954208,80.576544
Biharpur,24.953994,80.514109
Bhawar,24.944729,80.515032
Bansakar,24.932748,80.549386
Pahauwa,24.934879,80.530115
Makari,25.062073,80.442091
Harnampur,25.055366,80.420623
Kandaila Kalan,24.894951,81.018223
Amarchi,25.049342,80.399129
Bhakhuri,25.05183,80.461283
Tulapur,25.046794,80.37986
Kewatpur,25.04377,80.438441
Kajipur,25.046798,80.447785
Dewalpur,25.092152,80.510065
Maukachh,25.092718,80.494813
Rampur Kalan,25.074478,80.575797
Nardaha,25.060955,80.520404
Kathgaon,25.036521,80.472354
Manipur,25.036052,80.490087
Pathar Kachhar,25.037502,80.563988
Keshawpur,25.071786,80.503947
Katarra,25.095964,80.483344
Kothitola,24.878844,80.58603
Tamar,24.872831,81.015197
Naigawan Chaubiyan,24.870795,80.607939
Diya,24.858954,80.610543
Kishunpur,24.922932,80.636127
Tikara,24.919563,80.942992
Bhathawa,24.913193,80.593776
Piparhai,24.92029,81.008166
Rohiniya,24.917635,80.736316
Bichhiya,24.91932,80.855779
Bhathiya,24.921235,80.657244
Lotni,24.917803,80.924987
Karariya,24.910018,80.884751
Sarbhanga,24.9052,80.903313
Hardi,24.914534,80.97799
Patna Kalan,24.892712,80.720489
Gahira,24.901761,80.829431
Khodari,24.897563,80.859422
Karigohi,24.891398,80.959574
Rampur Garri,24.904499,80.652721
Umariha,24.904751,80.766575
Mugwari,24.907929,81.028651
Piparawan,24.907441,80.921185
Mahapar,24.909728,81.016794
Tikuri,24.91198,80.68814
Majhgawan,24.889637,80.638177
Birpur,24.904339,80.997214
Mudkhoha,24.891241,80.694098
Kelhaura,24.888001,80.669565
Harsed,24.90383,80.976159
Udli,24.900926,81.017985
Jhakhaura,24.897516,80.989194
Siddha,24.886749,80.91492
Amuwa,24.898583,81.031141
Mukat,24.899236,81.006048
Baruwa,24.896003,80.931082
Parewa,24.883446,80.81548
Ghamiraha,24.891721,81.007903
Patna Khurd,24.889249,80.757083
Pahdi,24.891394,80.993162
Lohara,24.887136,80.932005
Ghatiniya,24.889739,81.022341
Kanpur,24.874633,80.784382
Kusiyara,24.88496,81.012741
Ladara,24.883443,81.00177
Selaura,24.882232,80.992063
Jariha,24.88497,81.0267
Degarahat,24.877218,80.873319
Kathara,24.866749,80.976296
Deora,24.878337,80.936769
Naugawan,24.874548,80.899565
Barui,24.865567,80.943318
Turra,24.865438,80.739496
Panghati,24.858079,80.769134
Kamakhuiya,24.879053,81.016953
Chaurehi,24.86289,80.842858
Bari Amrai,24.876658,80.925456
Gujhawan,24.878482,80.914832
Kawar,24.863439,80.754006
Pachhit,24.867523,80.707601
Sonbarsa,24.868883,80.955307
Selaha,24.863698,80.920983
Dighari,24.863373,80.67775
Chandaini,24.865835,80.815075
Chitahra,24.857577,80.863797
Barha,24.858619,80.890743
Badbada,24.847286,80.727792
Tagi,24.848518,80.714416
Rasada,24.857609,81.000016
Chhanihara,24.849519,80.906362
Kuchmaila,24.853204,80.936079
Hiraundi,24.849725,80.817505
Koldari,24.848718,80.788779
Pagar Kalan,24.845708,80.954079
Piparitola,24.836204,80.921891
Barhatha Kalan,24.841634,80.663364
Patna Khurd,24.851425,80.989351
Badera Kalan,24.84815,80.97061
Barhatha Khurd,24.841162,80.680642
Pipraha,24.850947,81.017951
Nayagaon,24.810615,80.889828
Bhargawan,24.830757,80.805365
Chakar,24.837034,80.631147
Tighara,24.840601,80.985128
Kathauta,24.830014,80.835294
Kailashpur,24.834468,80.76053
Pagar Khurd,24.834178,80.938859
Dunaw,24.84002,80.993096
Haliya Kalan,24.842492,81.016962
Nagbar Unmulan,24.80906,81.00971
Harduwa,24.836305,80.980703
Lalpur,24.814075,80.623352
Mauhar,24.833947,80.999601
Badera Khurd,24.835183,80.967719
Sarsi,24.920946,80.700093
Narora,24.923349,80.970131
Kolkhata,24.905679,81.008568
Gudhwa,24.823947,80.989053
Berhana,24.834977,81.015504
Patangar,24.819947,80.719812
Dalela,24.828553,80.821201
Hinauta,24.827253,80.977043
Gauhani,24.818125,80.739457
Bahera,24.814679,81.017432
Majan,24.820159,80.958481
Amdari,24.810722,80.674098
Umardari,24.820722,80.606781
Kachura,24.80396,80.596799
Godgawan,24.820511,80.999089
Myan,24.808886,80.652958
Baidan Tola,24.819447,80.9429
Motwa,24.809798,80.783616
Rajhokhar,24.818632,81.027278
Badkher,24.820316,80.915367
Machkheda,24.80965,80.920442
Birsinghpur,24.804361,80.980957
Jhonta,24.816538,81.010367
Swata,24.808098,80.844735
Sagra,24.801294,80.817742
Bihariya,24.807873,80.936304
Ujaini,24.805487,81.002099
Chandai,24.802347,80.852514
Khadauri Kalan,24.801745,81.020204
Marwa,24.802657,80.875039
Nagbar Kothar,24.798539,81.008911
Jhanda,24.794137,80.703979
Athabarhi,24.780052,80.639464
Khutaha,24.788506,80.864261
Belha,24.799959,80.932037
Khadaura,24.796927,81.027976
Mauhar,24.76898,80.740874
Gorsari,24.793842,80.873775
Salaiya,24.793266,80.93377
Goraiya,24.776189,80.68053
Shivsagar,24.779718,80.773343
Khanch,24.788476,80.961509
Kitha,24.777792,80.850071
Rampura B,24.782083,80.74938
Semara,24.788212,81.021229
Lakhaha,24.786504,80.88101
Karkal,24.78551,80.972259
Atrar,24.787461,80.83045
Reuhan,24.783859,80.944706
Pachali Khurd,24.787102,81.000665
Pachali Kalan,24.78747,81.010128
Semra,24.783233,80.893225
Sujawal Khurd,24.784969,80.926565
Mahtain,24.751085,80.597819
Didaundh,24.75346,80.727412
Barhana,24.766516,80.69394
Nayagaon,24.774291,80.804508
Patihar,24.777535,80.666022
Bandhi,24.782296,80.912962
Duduwar,24.78083,80.83765
Nagaura,24.779312,80.985764
Amiliya,24.774005,80.833296
Maudaha,24.77646,80.97045
Khangarh,24.762837,80.620308
Bamhauri,24.775246,80.88349
Kalwalia,24.778441,81.01895
Tikuri,24.778539,81.008855
Mahuwapar,24.777095,80.95901
Sikrauda,24.776968,81.028266
Bamuraha,24.774591,80.929385
Telani,24.773146,80.86906
Berhana,24.772209,80.903965
Rampura,24.753488,80.70991
Sujawal Kalan,24.767634,80.943155
Khatola,24.764468,80.760899
Bara,24.761304,80.960665
Ghorkat,24.763183,81.014601
Andharwar,24.764141,80.995378
Marwa,24.759002,80.838476
Domhai,24.758831,80.978729
Bhaiswar,24.758313,80.823477
Malmau,24.764966,80.927677
Galbal,24.76419,80.874621
Kumhraula,24.76331,80.900048
Sirsaha,24.760991,80.921522
Jhali,24.740136,80.682083
Uday Sagar,24.759742,80.780528
Sonour,24.756091,80.800832
Bachhoura,24.75296,81.023741
Jaitwara,24.745037,80.874089
Gadari,24.756303,80.894163
Karsara,24.742201,80.653054
Chund Kalan,24.752244,80.949078
Majhgawan,24.754385,80.912152
Chund Khurd,24.752695,80.93929
Lakhpurwa,24.455503,81.359232
Kothi,24.739172,80.789875
Mehuti,24.736324,80.93804
Bhatgawan,24.747544,80.995259
Paikauri,24.735945,80.670293
Parsdiya,24.743438,80.908915
Bamhraula,24.741399,80.816696
Ghorkati,24.746447,81.011288
Khokhali,24.744742,80.829914
Koniya,24.746212,80.894984
Kathar,24.746004,80.961057
Singhpur,24.719513,80.586193
Deori,24.745994,81.030101
Booda,24.745215,80.978642
Paikaura,24.733971,80.663651
Majhtola,24.744064,80.803263
Gahiri,24.724947,80.961357
Nadna,24.738552,80.858638
Sudamapur,24.738157,80.959618
Lakhanwah,24.733348,81.022082
Tihai,24.732451,80.996528
Semari,24.73196,80.97109
Rnehi,24.732386,80.808683
Bamhauri,24.738754,81.002726
Jhari,24.729539,80.902145
Kolpata,24.728732,80.711102
Pondi,24.720637,80.784029
Mamkahri,24.726298,80.768082
Bhanwar,24.713903,80.6466
Sagma,24.733097,80.758881
Susuwar,24.737736,80.833922
Naina Kothi,24.721074,80.75377
Mohniya,24.729945,80.980478
Barah,24.72962,80.64522
Patari,24.730836,80.830646
Jetwara,24.726163,80.864293
Chorbari,24.716282,80.632801
Tikar,24.716197,80.618708
Avdhendra Sagar,24.727819,80.742672
Pangara,24.725837,80.72887
Akauna Mehuti,24.727152,80.924966
Umari,24.72431,80.993704
Ghughuwar,24.724457,80.844983
Kupari,24.721061,80.914231
Purawa,24.717086,80.819723
Itma,24.719721,80.833024
Khadauri,24.720657,80.67808
Madhaopur,24.718689,81.033864
Chakgarhawa,24.454493,81.262744
Semaria,24.710622,80.666033
Farhad,24.717518,80.975526
Raipur,24.71802,80.744789
Khamha,24.714893,80.801441
Turri,24.711747,80.892387
Hatia,24.714459,80.85428
Semri Kalan,24.716086,80.7281
Madni,24.709924,80.808563
Khamharia,24.707035,80.87167
Jamunihai,24.70937,80.611356
Semra,24.709659,80.947473
Khadaura,24.711205,80.681679
Dehuta,24.705825,80.73747
Ghaderua,24.701761,80.747927
Lokhariha,24.709115,80.758037
Gulue,24.70516,80.783684
Mankahari,24.703341,80.725873
Hati,24.706528,80.845896
Ujraudha,24.702929,80.713522
Deori Kalan,24.706177,80.699003
Naukhad Kalan,24.699543,80.691136
Riwar,24.704794,80.858237
Kathwaria Kala,24.70286,80.824056
Pachaur,24.807556,80.830411
Majhilabandh,24.440406,81.305072
Tapkana,24.881558,80.616823
Semrahan Kalan,24.866521,81.012577
Ragauli,24.857496,81.008005
Mahuraniya,24.858577,80.799895
Bardiya Mishra,24.85607,81.029836
Naugawan,24.85338,80.633239
Sandi,24.845097,81.025421
Amirati,24.89194,80.902614
Kirkiraw,24.874753,81.022505
Arraha,24.790066,81.029924
Karaundi,24.816428,80.921398
Bador,24.752644,80.772525
Deori,24.700561,80.855646
Akouna,24.706106,80.905817
Raiya,24.838184,80.882572
Baurbandh,24.441858,81.329543
Bhiyamau,25.134408,80.605106
Kharaha,25.124831,80.713502
Kherwa,25.127685,80.625653
Sejwar,25.114517,80.750069
Lalpur,25.087061,80.76233
Chuwa,25.108725,80.609443
Tendhee Patmaniya,25.105164,80.769238
Rampur Khurd,25.070007,80.588916
Kathar,25.090292,80.604606
Maharaj Nagar,25.086421,80.620346
Kandar,25.071108,80.65041
Jamal,25.077823,80.619133
Khohi,25.060774,80.631177
Bakot,25.065122,80.603034
Shahpur,25.039487,80.675643
Bardar,25.062308,80.619755
Ranipur,25.058326,80.592295
Hardikothar,24.990834,80.726143
Madulihai,25.044719,80.73384
Baraundha,25.025174,80.634825
Karaula,25.045504,80.707648
Dadhiya,25.050455,80.593409
Nardaha,25.041062,80.6069
Mohani,25.038466,80.697428
Pipraha,25.030624,80.783096
Padwaniya Kothar,25.014442,80.805831
Heerapur,25.027346,80.713786
Mara,25.032565,80.703077
Nakaila,25.013911,80.691967
Malgousa,25.017678,80.757569
Ramnagar,25.012351,80.785789
Jirwar,25.018136,80.71355
Baradha,24.991184,80.739333
Singhpur,25.007429,80.725219
Sada,25.013571,80.743037
Pado,25.00079,80.774271
Majhgawan CT,24.903427,80.79989
Unchamar,25.006124,80.73958
Nibi,24.986049,80.639107
Kuthila Pahad,24.995394,80.587915
Jhari,24.963527,80.746741
Padari,24.966058,80.69781
Pindra,24.982254,80.815659
Sahijanha,24.992378,80.717013
Bramhipur,24.991949,80.681955
Lalpur,24.991894,80.707037
Holhai,24.9806,80.681355
Kutian,24.979978,80.588082
Hardijagir,24.984666,80.728572
Bishalpur,24.978456,80.670381
Goarsihai,24.980329,80.717597
Suro,24.973334,80.660411
Mahtain,24.953596,80.67944
Banhari,24.94509,80.603561
Telai Chuwa,24.959299,80.652787
Birgadha,24.940457,80.713076
Rampurwa,24.936691,80.801966
Putari Chuwa,24.937094,80.665608
Dewlaha,24.922436,80.777452
Chhivlaha,24.924337,80.683286
Khadra,25.041015,80.767753
Bigdara,24.958913,80.621457
Chitauraha,24.943433,80.786372
Pathara Chaur,25.119913,80.630802
Barua,24.951671,80.780504
Paldeo,25.121893,80.785086
Posraha,25.127301,80.80493
Uttanna,24.438297,81.34181
Brijpura,25.100808,80.791238
Tharpahad,25.081652,80.78069
Tagi,24.929228,80.885578
Chhatahri,24.919533,80.995711
Banka,24.924347,80.925174
Deoribandh,24.434385,81.310905
Chitrakoot,25.140859,80.868749
Judehi,25.002377,80.830707
Ledari,24.942922,80.926131
Udaipur,25.110073,80.81723
Padmaniya Jagir,25.055361,80.812166
Kotriya,25.083961,80.844804
Basahara,24.428611,81.355585
Tikhawa,24.015053,81.23513
Ujrabara,24.023821,81.067685
Beohari,24.019561,81.387713
Khadhuli,24.028833,81.353599
Bhamarha Second,24.02494,81.479766
Ganjar,24.02318,81.264206
Nipaniya,24.022433,81.141783
Papaundh,24.020076,81.117673
Dalko Kothar,24.007701,81.15085
Tenduha,24.016486,81.099116
Bara,24.000929,81.198308
Mair Tola,24.021444,81.434645
Chhuhi,24.014659,81.17742
Uksa,24.014922,81.478171
Chhateni,24.002453,81.30132
Deogaon,24.012373,81.426905
Paweh,24.012554,81.072153
Raspur,24.00608,81.475308
Davraunha,24.004343,81.215825
Kothiya,23.98431,81.336412
Bara Baghelaha,23.999097,81.080664
Papodh,23.995713,81.164719
Vijaysota,23.997965,81.122767
Jharaunsi,23.996889,81.460899
Tenduadh,23.996974,81.4236
Dalko Jagir,23.998165,81.138857
Pathrahta,23.976964,81.27582
Padri,23.97952,81.089548
Ghinauchi,24.045702,81.095844
Barachh,23.962562,81.456652
Duara,23.982338,81.127677
Chhatwa,23.976331,81.230908
Jamuniha,23.972994,81.193171
Khari Chhot,23.978448,81.152615
Gura,23.973018,81.405104
Sukhad,24.238997,81.39797
Mahdeva,23.948425,81.184711
Khari Badi,23.948448,81.146377
Barkachh,23.959497,81.421476
Ghorsa,23.96172,81.383337
Malauti,23.957121,81.360379
Basahi,23.937874,81.294631
Uphari,23.943361,81.327368
Ghori Ghat,23.947762,81.240798
Dhaneda,23.934682,81.264666
Tihki,23.935834,81.368368
Saunta,23.932439,81.409943
Puraina,23.936157,81.478945
Bairihai,24.241547,81.476194
Ghori Ghat,23.934776,81.234285
Nagnaudi,23.91984,81.463486
Banasi,23.916561,81.218498
Khusariya,23.903941,81.188679
Kalleh,23.912496,81.438125
Deolihan Tola,23.919004,81.37381
Simaudh,23.9109,81.340577
Charkwah,23.89796,81.281054
Hidwah,23.912822,81.308948
Reusa,23.910078,81.235733
Bijaha Tola,23.906668,81.403132
Jora,23.901796,81.371257
Girui Khurd Badi,23.884969,81.440597
Semar Pakha,23.884231,81.229631
Pondi Kalan,23.868617,81.245523
Pidra,23.894267,81.461158
Patera Tola,23.892407,81.310778
Tagawar,23.889762,81.40358
Amdih,23.873911,81.470727
Tali Khurd,23.886202,81.363015
Hudraha,23.883899,81.341185
Jhiriya Tola,23.868855,81.418759
Bijaha,23.874091,81.379897
Jaraukhra,23.871428,81.398056
Bidor,23.880367,81.408054
Bhattu,23.861978,81.435463
Bhangjir,23.856434,81.346657
Bhainsaha,23.854573,81.368859
Thadi Pathar,23.855313,81.299307
Baheraha,23.856364,81.458986
Semra,23.844959,81.394208
Narghi,23.841999,81.336047
Jhalra,23.87137,81.299094
Ghiyar,23.829835,81.292532
Chhuda,23.835723,81.447821
Bataudi,23.82864,81.480069
Karki,23.817358,81.410185
Hartala,23.825132,81.260417
Kolhua,23.823033,81.368967
Mungaha,23.826787,81.354437
Kothigarh,23.821154,81.330839
Karpa,23.816225,81.216095
Pathrapani,23.810967,81.451071
Amanar,23.812713,81.246358
Antoli,23.804878,81.272084
Chamuha,24.118186,81.103068
Chhap,24.004755,81.048142
Chhap,23.993043,81.050755
Bholgarh,23.970651,81.054742
Hardi,23.950875,81.123928
Baralumaha,24.013195,81.032786
Majh Tola,23.943192,81.113522
Jhal,23.954318,81.068897
Chitraw,23.939037,81.097278
Baturawah,23.944306,81.03848
Jhalwar,23.931739,81.066459
Kudari,23.92034,81.045537
Kothiya,23.881203,81.043772
Baghado,23.877939,81.132896
Sehra,23.884568,81.154925
Mohbala,23.874493,81.203377
Sejwahi,23.856692,81.072787
Gangital,23.871475,81.094084
Kathar,23.855947,81.119881
Dhakhodar,23.874606,81.17764
Naugawan Khas,23.862863,81.147361
Kusamaha,23.852247,81.04186
Balhaud,23.848633,81.198511
Tikuri Tola,23.848428,81.171471
Gariyari,24.109439,81.114955
Chhapraud,23.831858,81.140324
Amiliya,23.841874,81.252091
Parasi,23.836546,81.22274
Urdana,23.826673,81.116489
Lakhnauti,23.81924,81.099501
Deori,23.818629,81.164443
Dudhamaniya,23.921353,81.085997
Ramna,23.903375,81.127983
Bhejrouha,23.90182,81.040251
Jugwahi,23.896733,81.070155
Reeha,24.109748,81.093657
Ramna,23.809219,81.041544
Janakpur,24.232068,81.471127
Nimiha,24.246705,81.442196
Jhiriya,24.246329,81.422604
Chauri,24.241367,81.454346
Kyotiha,24.247324,81.471518
Budwa,24.233978,81.422376
Sathni,24.211485,81.473728
Amilgarh,24.225763,81.392689
Dhari,24.225718,81.444408
Saman,24.217176,81.424825
Dhari,24.219571,81.45824
Kumhiya,24.204394,81.389341
Rampurwa,24.202872,81.407684
Magardaha,24.199897,81.443573
Anahra,24.190438,81.374453
Bijuriha,24.185716,81.351936
Nakuni,24.174931,81.423664
Khari,24.161267,81.47269
Karaundiya,24.152076,81.385559
Nado,24.174783,81.348263
Chachai,24.185029,81.326753
Judmani,24.175293,81.395409
Khand Bansagar,24.171927,81.309047
Deori,24.159592,81.449367
Jagmal,24.161383,81.364394
Shahargarh,24.146543,81.314461
Satkhuri,24.156262,81.272243
Gada,24.151572,81.416863
Papredi,24.136182,81.456242
Sejhari,24.136771,81.357696
Bhanni,24.12933,81.407322
Ambar,24.12926,81.287405
Bhamarha First,24.123214,81.376087
Charka,24.105658,81.309936
Pasagari,24.117363,81.466192
Bagdari,24.115934,81.449439
Charkhari,24.106412,81.430946
Dheka,24.113968,81.35187
Karhi,24.105812,81.333895
Mau,24.092935,81.39769
Sapta,24.094522,81.147735
Bokra Bokri,24.098708,81.34984
Sarsi,24.074486,81.017414
Kharapa,24.085303,81.445101
Jamuni,24.088328,81.113225
Pathrehi,24.091328,81.075608
Hanumanpur,24.087036,81.289567
Kharhara,24.088806,81.256658
Tanghar,24.082397,81.351025
Belbahra,24.091618,81.439217
Deorao,24.074135,81.462448
Khamdand,24.075187,81.368455
Barahtha,24.078346,81.188704
Odari,24.076393,81.082068
Bholhara,24.076463,81.321904
Hinauta,24.076568,81.129424
Bhulhri,24.071267,81.332792
Akauri,24.081311,81.163977
Mair,24.071861,81.257464
Khadeh,24.059421,81.044642
Indwar,24.070005,81.102568
Devarda,24.06803,81.289328
Chhataina,24.072137,81.152815
Tikura Tola,24.064489,81.083583
Sakhi,24.057183,81.419976
Pondi Khurd,24.057481,81.201623
Chitrasi,24.058307,81.149153
Kuwa,24.054784,81.12455
Kalhari,24.054975,81.35048
Akhetpur,24.049308,81.477544
Chhiraha,24.05953,81.367133
Alhara,24.038996,81.193467
Martala,24.050036,81.160258
Khutehara,24.051779,81.332213
Jamodi,24.040433,81.308518
Hirwar,24.042167,81.111705
Dhandho Kui,24.05308,81.293195
Bijaha,24.038186,81.437967
Khaira,24.042092,81.276563
Bilkuda,24.052033,81.083709
Baheriya,24.037744,81.0505
Sukha,24.046091,81.373263
Umargarh,24.041398,81.177802
Lalpur,24.044509,81.148075
Baraha Tola,24.039177,81.414852
Nipaniya,24.034349,81.14902
Sakandi,24.037768,81.073894
Chhula Kachhar,24.030156,81.173672
Reusa,24.034169,81.087976
Naudhiya,24.027465,81.330851
Bijahi,24.029587,81.417319
Majhigawan,24.224149,81.411163
Chandrmadol,24.189916,81.469224
Bakeli,24.15974,81.256326
Bhainstal,24.158227,81.344177
Bhakhari,24.140184,81.261028
Madai,24.125759,81.262541
Newari,24.123781,81.335576
Narwar,24.098701,81.215187
Padui,24.043094,81.234906
Mudchaur,24.03102,81.205278
Gidhaula Pahad,24.238836,81.157062
Devdaha,24.246496,81.294995
Kubari,24.251525,81.368594
Jatthahatola,24.251333,81.267511
Padmi,24.2542,81.218097
Devra Molhai,24.241099,81.126312
Kogiha,24.249965,81.146481
Barkhoda,24.249688,81.159497
Maryadpur,24.244423,81.278628
Murtihai,24.248311,81.336559
Dagniha Tola,24.239735,81.340501
Rojhauha,24.238267,81.376375
Narayanpur,24.247365,81.206131
Bardaha,24.240217,81.112844
Jhiriya,24.240153,81.078995
Majhgawan,24.246505,81.187528
Naugawan,24.247223,81.223591
Mungaha,24.239301,81.070034
Sonari,24.244873,81.137794
Kumharwar,24.241386,81.097336
Naugawan,24.244929,81.23881
Uchehara,24.23589,81.255966
Gauhani,24.242208,81.18058
Hinauta,24.23953,81.085855
Gailahari,24.239957,81.055932
Naugawan,24.241672,81.230441
Govindpur,24.230138,81.179474
Gidhaila,24.234503,81.138346
Kolantola,24.237592,81.27015
Kothar,24.230285,81.049675
Gulwar Gujara,24.231663,81.224454
Dhodh,24.232633,81.034974
Gorhai,24.23112,81.061012
Moharwa,24.227635,81.168893
Mauhasa,24.23435,81.102015
Chaudharan Tola,24.232243,81.279725
Majhatolwa,24.228961,81.36189
Jhinna,24.219649,81.270582
Turki,24.223325,81.09352
Itma,24.224777,81.08358
Sonwarsha,24.218079,81.287737
Bandarkhan,24.213963,81.10873
Budhabaur,24.221729,81.341504
Gulwar Kothar,24.226138,81.195904
Bhitari,24.222726,81.113182
Gidhauli,24.226761,81.134097
Gorsari,24.219638,81.043867
Bhedra,24.225866,81.070529
Karaundiya,24.220934,81.126407
Pipari Kothar,24.225509,81.147484
Karra,24.217742,81.170874
Pipari Uttar,24.218213,81.143501
Kua,24.221008,81.360783
Chitaha,24.217524,81.058073
Gorsari Khurd,24.216094,81.078116
Paip Khara,24.211705,81.35955
Gangasagar,24.210569,81.133781
Jarauha,24.21023,81.335159
Gurjanaha,24.209981,81.058544
Bamhanadi,24.207038,81.096757
Katiya,24.205714,81.081756
Bauliha,24.207348,81.046061
Patna,24.204078,81.036499
Jhagaraha,24.20543,81.07387
Kaithaha,24.196868,81.308622
Podiya,24.197608,81.084815
Hariyari,24.194154,81.349356
Chandwar,24.201098,81.051336
Sariya,24.196935,81.33373
Katni,24.201398,81.065538
Ganjas,24.196836,81.132472
Hardua Jagir,24.201055,81.117942
Bharatpur,24.192282,81.073396
Hardua Kothar,24.19449,81.116424
Masmasi Kalan,24.185462,81.101554
Pataur,24.242141,81.04244
Rasa Devra,24.188793,81.092418
Btaiya,24.183669,81.06601
Hardua,24.189539,81.040104
Bijoura,24.181581,81.085545
Masmasi Khurd,24.187268,81.112757
Mohani,24.188146,81.049736
Chhiraha,24.18317,81.125811
Madkara,24.179325,81.145762
Dihiya Kalan,24.161425,81.134425
Babupur,24.177455,81.041627
Godaha,24.175451,81.056928
Padwi,24.17282,81.131358
Puraina,24.165313,81.12172
Devri Kalan,24.162577,81.10877
Mirgauti,24.166921,81.074949
Rajhaudi,24.166084,81.092207
Gudhawa,24.16074,81.061253
Mairtola,24.155245,81.041996
Harrai,24.149731,81.05622
Gadihatola,24.143175,81.065291
Dadhich Tola,24.142848,81.078308
Tatehara Tola,24.146681,81.032655
Semariya,24.13511,81.059038
Kitaha,24.194313,81.03162
Bansi,24.202657,81.353967
Chamrauha,24.221631,81.157274
Pagra,24.215981,81.068162
Sub Merged Area,24.121901,81.23518
Sub Merged Area,24.123867,81.147844
Shikarganj R F,24.071418,81.227717
Dadha,24.208572,81.158539
Submerged Area Villages,24.173627,81.194006
Medhaki,24.027958,81.746068
Dubari Kalan,24.012973,81.517994
Baheradol,24.009496,81.647004
Magara,24.015165,81.67749
Bidaura,24.004039,81.802675
Dhupkhad,24.007926,81.837211
Dubari Khurd,24.000916,81.526838
Badiya,24.002922,81.580688
Ramgarh,23.989145,81.689641
Sajadol,23.996458,81.862674
Bastua,23.99216,81.719722
Chinagwah,23.988254,81.542824
Nawa Nagar,23.993148,81.762535
Kanchanpur,23.987383,81.611693
Amgaon,23.975774,81.791818
Dharamduari,23.984146,81.87643
Bitkhuri,23.980587,81.570396
Duari,23.973303,81.922508
Karauti,23.966868,81.81804
Lawahi,23.944956,81.640107
Pankhora,23.960225,81.669781
Kamachh,23.969443,81.839879
Medara,23.957265,81.891964
Pondi,23.961294,81.741735
Duhukuriya,23.973354,81.76922
Kharwar,23.961375,81.606109
Deua,23.939754,81.56426
Gijohar,23.951959,81.705289
Tirchuli,23.937653,81.84582
Ladgarh,23.954258,81.863365
Tiliya Tilaya,23.939163,81.811835
Rauhal,23.925745,81.917091
Deomath,23.920211,81.602835
Tala,23.933314,81.872235
Haiki,23.918713,81.733945
Kota,23.925748,81.680251
Ganjar,23.907458,81.867714
Khairi,23.914595,81.704215
Naudhiya,23.899725,81.899348
Pipraha,23.898238,81.691621
Harraha,23.895735,81.699639
Naganna,23.888679,81.721604
Phulwa,23.87325,81.879516
Nagpokhar,23.886573,81.694193
Saidol,23.857854,81.780031
Dadari,23.871364,81.711766
Lurghuti,23.876678,81.751992
Lurghuti,23.856029,81.742885
Hardi,23.863419,81.710407
Sarsai,23.838751,81.760243
Tal,23.841612,81.73799
Kundaur,23.829882,81.80544
Amjhar,23.920763,81.785225
Budhandol Alias Chhatadar,23.871045,81.837084
Khadda,23.973631,81.490555
Koylari,23.96446,81.531794
Sannausi,23.951714,81.482759
Dhondha,23.938356,81.524789
Kirgi Barha,23.942438,81.499861
Balodi West,23.925392,81.487445
Balodi East,23.921825,81.504137
Kudra,23.915927,81.526109
Jhiriya,23.905537,81.48229
Belaha,23.906751,81.557837
Jamudi,23.878368,81.569179
Palha,23.901691,81.534894
Pand,23.886984,81.4987
Mithouli,23.892101,81.54855
Kuthuli,23.879635,81.595551
Pipari,23.871498,81.53417
Umarkhohi,23.864441,81.507345
Khadgadi,23.854445,81.587124
Malauti,23.848402,81.492998
Tali Kalan,23.842468,81.535216
Pahadiya,23.82692,81.576054
Mudariya Tola,23.814275,81.614991
Bansukli,23.800671,81.634477
Chhakata,23.816337,81.539419
Nausa,24.344627,81.128769
Gajwahi,23.817017,81.512125
Naugaon,23.895443,81.518606
Bajranggarh,24.248773,81.517355
Rehuta,24.239869,81.582122
Rausar,24.247371,81.776576
Ratwar,24.237456,81.495769
Mauhariya,24.240497,81.597899
Amjhar,24.245909,81.639636
Baheraha,24.23169,81.900313
Bhagohar,24.242683,81.801126
Khaddi Khurd,24.238573,81.560511
Kerha Tola,24.249062,81.684742
Mantola,24.243362,81.813785
Dewai,24.147975,81.684128
Lohajhar,24.231228,81.864558
Khamh,24.233836,81.743419
Ghordand,24.24391,81.683719
Mungaha,24.241338,81.711009
Kudintola,24.237808,81.85154
Karahi Tola,24.229969,81.688265
Deoraksh,24.224558,81.542263
Adhari Gadai,24.226467,81.824058
Badera,24.235553,81.790241
Barmani,24.228857,81.770609
Dariya,24.22157,81.845466
Shankarpur,24.227676,81.523837
Kushiyara,24.229459,81.713862
Gajri,24.222014,81.64027
Sendhwa,24.220001,81.593471
Murkuda,24.221541,81.80432
Thegarahi,24.22296,81.789341
Kotro,24.207459,81.569017
Ghusmuniya,24.218628,81.745817
Salaiha,24.21667,81.725432
Ghoghi,24.214987,81.499692
Rakshatola,24.214996,81.697873
Rupaidol,24.208365,81.659476
Chhirhat,24.198315,81.888274
Tilwari,24.199512,81.67411
Udaisa,24.201552,81.781656
Chunguna,24.198439,81.541079
Shikra,24.192137,81.844876
Naudhiya,24.188793,81.499922
Barhai,24.206928,81.751771
Chhawari,24.193785,81.713523
Karwahi,24.193739,81.695497
Nachani Mahua,24.205866,81.815771
Malwari,24.202029,81.727695
Khantara,24.191941,81.632869
Baghaila,24.175919,81.601369
Amakholi,24.191926,81.820455
Barseni,24.189816,81.741334
Bakwa,24.180984,81.804443
Chhuhi,24.175815,81.653539
Pondi,24.175029,81.676572
Gijwar,24.173563,81.767605
Persili,24.17271,81.522571
Dalapipar,24.170004,81.851827
Naro,24.175751,81.72561
Karmai,24.177133,81.568928
Hathgarh,24.120749,81.746848
Tala,24.162623,81.621073
Gangei,24.165954,81.702039
Paniha,24.163104,81.727945
Kapraula,24.16561,81.797524
Tikri,24.157942,81.871217
Choraba,24.157017,81.670348
Parasi,24.161875,81.834157
Kanjwar,24.157426,81.821144
Silwar,24.153342,81.76159
Akauna,24.153791,81.802904
Banjari,24.147898,81.648337
Jamua,24.155444,81.712169
Mudheriya,24.148877,81.695064
Kolgarh,24.155735,81.722378
Dhanigawan,24.152391,81.73116
Majhauli,24.140425,81.599289
Sulkhan,24.147647,81.78335
Pipradh,24.147238,81.706351
Dudhmaniya,24.146814,81.793908
Sahijanha,24.14029,81.747278
Masurihadol,24.147384,81.834791
Musamudi,24.1402,81.844664
Paipkhara,24.145665,81.718011
Amedhiya,24.14446,81.629021
Pathraula,24.142147,81.731169
Dharampura,24.142976,81.824008
Lamipati,24.139668,81.660368
Chauhanan Tola,24.143592,81.810832
Atraila,24.141233,81.678068
Bhumka,24.137011,81.866103
Kachahariya,24.131384,81.763615
Dadaur,24.128604,81.569345
Jodauri,24.13628,81.802377
Akla,24.12844,81.779662
Barigawan,24.136279,81.722408
Pand,24.125411,81.589314
Kamchad,24.132977,81.834922
Shankarpur,24.108886,81.865948
Semariha,24.127766,81.554279
Gharbhara,24.137424,81.813542
Araji Belhai,24.136688,81.711353
Khadaura,24.131735,81.695751
Danga,24.127001,81.676907
Chamradol,24.140252,81.519472
Mauhariya,24.133658,81.821473
Hadwar,24.128813,81.793904
Podi,24.127968,81.8018
Bhedarhai,24.125366,81.740112
Belhai,24.129968,81.712094
Dadar,24.11844,81.729287
Diyadol,24.122072,81.655658
Sher,24.126076,81.818546
Dhanauli,24.116397,81.614415
Mahkhor,24.118453,81.833414
Ledua,24.122078,81.808332
Gotara,24.107676,81.886582
Baniyatola,24.12471,81.71074
Siraula,24.108354,81.708955
Sirauli,24.120426,81.699505
Nidhpuri,24.117707,81.857288
Rampur,24.115819,81.753223
Pondi,24.11122,81.577948
Badwahi,24.112089,81.671818
Deori,24.119276,81.817086
Deori,24.111759,81.646412
Sonvarsha,24.113796,81.794638
Madwas,24.085878,81.765019
Dhuandol,24.109019,81.844638
Bodari Tola,24.098024,81.526661
Tenkar,24.106787,81.631545
Chandohidol,24.101147,81.737769
Bhadaura,24.100822,81.855445
Badkadol,24.099501,81.567631
Amoharadol,24.094751,81.749575
Nebuha,24.088914,81.624698
Joba,24.09427,81.686044
Dhanser,24.103521,81.831969
Majhigawan,24.100425,81.802964
Nadha,24.105636,81.788403
Thonga,24.096042,81.660268
Chamrauhi,24.100098,81.795373
Jamua,24.098144,81.640405
Juner,24.09654,81.819913
Bagaiha,24.093337,81.609748
Khamchaura,24.084701,81.589721
Sondhiya,24.099587,81.789409
Katarwar,24.087164,81.839509
Hingmaniya,24.097616,81.718883
Amahiya,24.096005,81.780469
Khajuriha,24.077723,81.823254
Ghodpada,24.093353,81.810005
Bajwai,24.073044,81.866902
Pondi,24.080224,81.889448
Amaha,24.08711,81.783579
Dhanaur,24.080062,81.800226
Samda,24.084634,81.7907
Darimadol,24.082182,81.851557
Saraiha,24.082265,81.648371
Karwahi,24.069265,81.667822
Jhapari,24.076105,81.810716
Dhummadol,24.075332,81.901833
Guduwadhar,24.062059,81.929082
Hathwar,24.158293,81.490508
Umariya,24.042331,81.623585
Rampur,24.05634,81.888917
Pidratal,24.062259,81.581262
Khokhara,24.04185,81.854454
Badkadol,24.04089,81.824487
Dadariha,24.061491,81.912052
Khaira,24.057446,81.535266
Narayanpur,24.073481,81.733901
Birchuli,24.072531,81.702539
Bhajigaon,24.039331,81.782707
Thadhi Pathar,24.040221,81.941734
Baherwar,24.03856,81.539157
Matkhaniya,24.035286,81.714633
Piprahi,24.042701,81.676112
Tansar,24.03317,81.892678
Kudariya,24.040675,81.693242
Kanjra,24.030226,81.567132
Goindwar,24.03414,81.502551
Boddiha,24.130373,81.485394
Sarwahi Khurd,24.103871,81.487159
Sarwahi Kalan,24.080052,81.496411
Bocharo,24.059891,81.519908
Diyadol,24.181393,81.908407
Belgaon,24.17596,81.901927
Nigari,24.154467,81.912835
Papal,24.131421,81.925529
Katai,24.130167,81.890478
Gorgi,24.105545,81.921022
Hardi,24.088732,81.91782
Niwas,24.124874,81.908706
Deem,24.060337,81.551318
Bhatalo,24.466999,81.31402
Amrithi,24.464013,81.440535
Dhurehati,24.469903,81.360317
Thaukhar,24.475122,81.383555
Dhandhi,24.472197,81.466564
Karaundi,24.4742,81.455667
Naikin,24.466006,81.421158
Naudhiya,24.467386,81.278986
Kanauja,24.470957,81.371744
Dhandhi,24.468063,81.453851
Doma,24.47104,81.255489
Mahiya,24.47027,81.39487
Kanauji,24.465116,81.375276
Remari,24.468163,81.262546
Padiya,24.463746,81.244013
Padariya,24.467369,81.405863
Dubi,24.458886,81.388244
Chhirehata,24.462208,81.352464
Hardi,24.442632,81.471615
Bihariya,24.456634,81.410793
Neega,24.459221,81.339095
Amirithi,24.462932,81.259494
Padokhar,24.455535,81.278864
Bauliha,24.459385,81.457337
Sathiha,24.453915,81.429191
Pipara,24.453028,81.323299
Bansi,24.457704,81.254963
Bajrangpur,24.452283,81.402243
Gadhawa,24.452798,81.373029
Tamara,24.448762,81.258698
Dihiya Narsinghpur,24.448859,81.303175
Tamari,24.452212,81.241577
Garhwa,24.449833,81.386182
Mahandandi,24.448833,81.454717
Kastari,24.449598,81.341413
Jamari,24.441472,81.250174
Dihi,24.44452,81.396761
Sahijana,24.440789,81.441168
Shivpurwa,24.445899,81.416857
Chua,24.444289,81.355854
Raura,24.437499,81.289259
Khirama,24.446791,81.324868
Garhwa,24.444268,81.383493
Odhaki Khurd,24.444402,81.276602
Dihiya,24.440907,81.3197
Barigawan,24.440786,81.374606
Bamhangawan,24.439512,81.334283
Odhaki Kalan,24.435445,81.274362
Panti,24.431738,81.456923
Tikar,24.39658,81.380085
Kapuri Pawai,24.304036,81.410236
Shivpurwa,24.436791,81.418303
Hardi,24.425984,81.267764
Supiya,24.427621,81.403081
Gerui,24.430426,81.345853
Jitauhi,24.432751,81.329059
Kastara,24.432088,81.337348
Sukwari Majhari,24.337883,81.840726
Amilki,24.419,81.296341
Sahijana,24.427513,81.31288
Shivpurwa,24.4067,81.427938
Dhowkhara,24.425449,81.32604
Kolhuwaru,24.415346,81.280946
Gaddi,24.405508,81.45769
Kastari,24.420203,81.346163
Dhowkhari,24.418625,81.334378
Dhowkhari,24.41911,81.31803
Pateri,24.420614,81.310563
Sukulgawan,24.415077,81.354057
Kitaha,24.408966,81.330766
Pateri,24.410143,81.312761
Madwa,24.39418,81.326179
Gahira,24.393234,81.342732
Nakta,24.390666,81.291538
Semariya,24.405697,81.281682
Bansa,24.389327,81.307393
Govindgarh,24.367703,81.300685
Belaha,24.457235,81.233755
Madwani,24.356202,81.331601
Kuswari,24.33783,81.293341
Ghatokhar,24.381081,81.477727
Mau,24.362312,81.45447
Majhigawan,24.347446,81.446231
Birpur,24.352597,81.436082
Naikin,24.349223,81.420712
Godaha Tola,24.35145,81.391286
Budhgauna,24.34061,81.37559
Dhaurhara,24.332748,81.367088
Kariyajhar,24.330539,81.355764
Baghwar,24.328737,81.407303
Majhigawan,24.32536,81.352388
Sarada,24.326541,81.342666
Raghunathpur,24.327887,81.443271
Patna,24.311221,81.329694
Majhiyar,24.331002,81.452239
Agdal,24.324932,81.461018
Pipraon,24.318206,81.371799
Bardaila,24.316915,81.46992
Lehchua Lehsua,24.316533,81.448122
Chorgadi,24.314242,81.415816
Kapuri Kothar,24.306323,81.394775
Malgaon,24.309423,81.364836
Raiduariya Khurd,24.308837,81.432559
Agahar Jaikaransingh,24.308586,81.451855
Bharatpur,24.305496,81.384129
Barha Tola,24.30276,81.43509
Khara,24.30172,81.373966
Kharhana,24.295194,81.358402
Agahar Bhimsingh,24.303739,81.45716
Shikargang,24.28836,81.46695
Chobhara Digvijaysingh,24.299562,81.452242
Gadhwa,24.291102,81.440633
Sagauni,24.297478,81.383262
Dhanesar,24.296849,81.425567
Raiduariya Kalan,24.29542,81.410783
Amaha Tola,24.291673,81.430877
Chobhara Vinayaksingh,24.296472,81.452579
Dadar,24.254609,81.429006
Bhainsraha,24.286739,81.370559
Chobhara Jaikaransingh,24.292786,81.45306
Gadahara Pratipal Singh,24.285684,81.42094
Gadahara Kishorsingh,24.286954,81.40514
Barhat,24.286591,81.392457
Baghad Dhabaiya Tola,24.269994,81.434951
Gadahara Raghobhan Singh,24.27763,81.409474
Amilai,24.270421,81.368363
Baghad Khas,24.27499,81.425506
Bhitri,24.268686,81.408053
Durgapur,24.27229,81.459347
Barhai,24.258068,81.466203
Gopalpur,24.254321,81.40025
Dinapur,24.474586,81.073848
Khutha,24.467784,81.134697
Madha,24.472168,81.208643
Shah,24.466961,81.152879
Pagra,24.462794,81.173225
Semariya,24.462138,81.114333
Karra,24.466696,81.089173
Jamuniya,24.470055,81.042212
Silpari,24.463031,81.079611
Seharua,24.465265,81.060019
Putariha,24.464617,81.102814
Padiya,24.462695,81.227107
Jamuniya,24.460582,81.037845
Samogar Unmukt,24.462344,81.095685
Jhiriya Bajpein Tola,24.454066,81.202679
Jhiriya Koparihan Tola,24.456031,81.192049
Rungwa,24.45368,81.088
Samogar Kothar,24.452436,81.10276
Seharua,24.457481,81.065809
Naina Kothar,24.453062,81.0517
Jhiriya Kothar,24.450812,81.17916
Kalla,24.446462,81.06858
Mahudar,24.448154,81.148987
Karhi Kothar,24.453152,81.039953
Jhinna,24.442354,81.214115
Khajuri,24.448103,81.229445
Tyondhara,24.441355,81.095892
Mauhari Katra,24.439499,81.120283
Karhi Brat,24.439115,81.040535
Kakalpur,24.434399,81.181238
Tyondhara,24.437401,81.08275
Tyondhari,24.434238,81.064073
Khajuri Sukhnandan,24.440183,81.232355
Gujara,24.435385,81.24292
Nakati,24.430454,81.228963
Deu,24.429688,81.141822
Khajuri,24.432222,81.236536
Raja Baksa,24.426249,81.03405
Umari Alias Shivraji,24.419824,81.08363
Mukundpur,24.423122,81.24555
Ahirgaon,24.420891,81.12152
Jagahatha,24.422374,81.224864
Bhadwa,24.421267,81.213192
Bachhara,24.412166,81.151187
Talatalari,24.416961,81.057462
Khokham,24.411241,81.04367
Bara,24.421666,81.160525
Dithaura,24.413493,81.19475
Karaudi,24.415955,81.182215
Hardi,24.411403,81.070178
Kapurhai,24.415957,81.259206
Sannehi Bada Tola,24.411311,81.167225
Bela,24.410346,81.244469
Tedhawa,24.410027,81.206802
Sannehi Bodhali,24.402521,81.171545
Dhatua,24.409158,81.132126
Mukundpur Jangal,24.409619,81.252915
Kastara,24.407195,81.230565
Madhi,24.406156,81.215988
Kirhai,24.40885,81.110857
Mohani,24.408836,81.267046
Pal,24.400485,81.098743
Parsiya,24.397232,81.282291
Sannehi Sigti,24.402628,81.18293
Dhobahata,24.385406,81.257482
Ajmain,24.397817,81.208449
Amin,24.392684,81.274105
Bachhara,24.400798,81.062487
Dhatui,24.399593,81.127005
Turki Gosai,24.401417,81.150652
Tala,24.371352,81.200052
Semri,24.393102,81.05305
Podi Khurd,24.393486,81.144562
Badarkha,24.396617,81.183493
Singhaul,24.394896,81.242744
Submerged Area Villages,24.15477,81.0752
Jamuna Mudwar,24.397198,81.227755
Kotra,24.396067,81.110638
Eda,24.384954,81.157621
Bigaudi,24.389633,81.170035
Itma,24.388419,81.127227
Mauhariya,24.390604,81.071311
Judmaniya,24.387645,81.105322
Sukulgawan,24.391702,81.225341
Kolluha,24.388403,81.088916
Padari,24.383678,81.215736
Bari,24.378614,81.066306
Podi Kalan,24.385338,81.145619
Anandgarh,24.366762,81.249493
Kontar,24.384228,81.235275
Karhi,24.378937,81.04215
Dhamna,24.378491,81.086168
Bhadra,24.368188,81.177891
Sarbaka,24.375141,81.053031
Khadgada,24.377551,81.143187
Shivpura,24.678324,81.691109
Bhichhiya Kalan,24.368266,81.17008
Ghuisa,24.375291,81.12393
Majhgawan,24.375761,81.101102
Dhaurahra,24.364595,81.083744
Lalitpur,24.37283,81.223692
Bhichhiya Khurd,24.364172,81.164068
Lalitpur,24.361183,81.233417
Kariya Pater,24.369102,81.112199
Semariya,24.366526,81.153489
Bidhui Khurd,24.369467,81.14305
Kakra,24.358962,81.039654
Mauhat,24.355703,81.067455
Magraj,24.361373,81.120765
Lokhari,24.364607,81.101666
Nimaha,24.361332,81.244424
Ramgarh,24.353204,81.141544
Dhausada,24.332842,81.181428
Bhogam,24.326666,81.202063
Kusamhat,24.354823,81.158257
Kathaha,24.346276,81.109131
Doma,24.344434,81.118962
Bidhui Kalan,24.351624,81.149646
Bhadri,24.349222,81.134621
Gora,24.332387,81.099751
Raikwar,24.343191,81.039556
Jamuniha Bandh,24.343362,81.205448
Bajwahi,24.337055,81.076839
Amjhar,24.324953,81.15308
Bedura Unmukt,24.334576,81.050036
Bedura Kalan,24.334086,81.058572
Sonwarsha Khurd,24.683242,81.593923
Naugawan Naugama,24.325744,81.077497
Papra,24.332693,81.244791
Kumhari,24.317376,81.074749
Birdatta,24.321771,81.041503
Bhishampur,24.288624,81.075013
Deori Jagdishpur,24.309731,81.068519
Mad,24.681465,81.53642
Chhain,24.301258,81.143171
Pathra,24.285,81.118233
Madhi,24.307206,81.032592
Hinauti,24.299398,81.306198
Chorkhadi,24.274921,81.035529
Bijuri,24.304173,81.251347
Degrha,24.296592,81.289976
Khodhri,24.302425,81.261871
Biharganj,24.307737,81.280548
Thadhghatiya,24.299872,81.236248
Judmani,24.296799,81.271939
Jigana,24.288735,81.225165
Jhounpa,24.291469,81.244355
Hinauta,24.285194,81.216122
Pagara,24.289883,81.207233
Obra,24.267831,81.058312
Suhili,24.28567,81.343326
Suhila,24.28268,81.335331
Kothar,24.285393,81.238342
Joba,24.278824,81.202415
Argat,24.282649,81.24925
Bhitari,24.27932,81.191597
Mataha,24.282455,81.264263
Bargahitola,24.276417,81.304104
Chhirhai,24.273624,81.23535
Karhiya,24.272427,81.337288
Koldiha,24.273794,81.166847
Khomraha,24.271564,81.257712
Godari,24.679787,81.552425
Bagdari,24.269662,81.144122
Belhai,24.2673,81.324903
Sagauni Khurd,24.267095,81.212973
Barhatola,24.267299,81.296355
Sagauni Kalan,24.269712,81.20422
Devdahi,24.262271,81.283799
Amiliya,24.263909,81.220036
Hatawa Kothar,24.275953,81.183305
Bagdari,24.258214,81.168012
Tenduha,24.261922,81.317329
Naugawan,24.257095,81.237193
Bhamraha,24.25962,81.306781
Barhai,24.256804,81.330634
Sohaula,24.254772,81.101816
Sahipura,24.256096,81.205281
Bairagal,24.419588,81.098791
Barkhoda,24.25773,81.150485
Aaraji Harwa,24.25778,81.195827
Godahatola,24.253866,81.343234
Odhki,24.403338,81.083345
Kotri,24.399988,81.1201
Turki Manmohan,24.399133,81.166218
Kharhiya,24.386167,81.116559
Dhahi,24.364257,81.135396
Bedura Khurd,24.336229,81.042432
Koka Hansar,24.299275,81.187965
Kingara Veerdatt,24.297239,81.044447
Koldiha,24.263069,81.178381
Ranikanp,24.277471,81.27469
Sendura,24.257251,81.131466
Gada,24.384715,81.266365
Koldiha,24.262068,81.160319
Bagdari,24.265053,81.149334
Kolaha,24.656185,81.609995
Piparwar,24.700002,81.476751
Moharawa,24.690112,81.28832
Beerkham,24.688575,81.227788
Bedhauwa,24.696387,81.376887
Nandanipur,24.695226,81.204453
Katki,24.690279,81.306508
Baraha Paipakhara,24.697291,81.320578
Hinauta,24.700766,81.261455
Hardi Kalan,24.69836,81.419036
Rupauli,24.690159,81.18571
Kasihai,24.695926,81.404499
Kabara,24.693115,81.348374
Paipkhara,24.693503,81.390605
Hinauta,24.688598,81.257334
Dhudhaki,24.683765,81.45425
Kathana,24.694646,81.454483
Semara,24.685319,81.366227
Dihiya,24.690982,81.426547
Manwahi,24.68842,81.330913
Majhiyar,24.686846,81.340103
Rampur,24.68286,81.469225
Nawa,24.689041,81.404589
Makarwat,24.679385,81.194294
Paipakhara,24.685438,81.322814
Hinauta,24.687412,81.268721
Nadana,24.677622,81.417219
Khair,24.678252,81.350014
Khamhariya,24.68388,81.403056
Sonauri,24.673473,81.201793
Khamhariya,24.679703,81.389529
Jhiriya,24.678683,81.376388
Chaura,24.668284,81.21184
Madha,24.678344,81.33638
Dhari,24.674806,81.291436
Manwahi,24.677994,81.326459
Dihiya,24.678701,81.400691
Amara,24.669485,81.268345
Dubgawan,24.673783,81.314682
Kapasa,24.668905,81.245151
Sapaha,24.671391,81.181011
Kadaila,24.669433,81.440165
Shukalgawan,24.670487,81.47692
Khamhariya,24.671073,81.279372
Gaura,24.670997,81.261008
Dhawaiya,24.666387,81.463687
Majhigawan,24.666233,81.37133
Karaudaha,24.671952,81.400512
Labhauli,24.66756,81.354842
Salaiya,24.659248,81.392199
Chaura Chauth,24.668528,81.343713
Jhiriya,24.665672,81.325177
Patehara,24.650678,81.447675
Kathar,24.658912,81.175826
Chaura Kothar,24.663775,81.344266
Khadda,24.656717,81.291573
Barakothar,24.658426,81.189029
Mudiyari,24.658873,81.313152
Chhiwala,24.653522,81.409332
Chaura Paipkhar,24.663299,81.333955
Rahat,24.645247,81.209227
Jodauri,24.652452,81.430776
Hardi,24.646841,81.244392
Kanji,24.649196,81.274005
Sathini,24.651255,81.337832
Sanw,24.644184,81.258772
Madhi,24.654674,81.460501
Majhboga,24.654393,81.372616
Kapuri,24.650875,81.357578
Pokhara,24.649923,81.476018
Khamhariya,24.685701,81.388075
Khuskhusa,24.671191,81.33455
Ragauli,24.647185,81.174903
Sendura,24.64298,81.367914
Khajuawan,24.644124,81.382319
Katheri,24.637855,81.465316
Manakahari,24.634345,81.315991
Bamhori,24.632018,81.234437
Paipkhara,24.636694,81.415903
Dadhi,24.623472,81.172634
Kanji,24.638414,81.354179
Kushaha,24.635626,81.336625
Puraini Kothar,24.637848,81.282802
Uktha Kanchanpur,24.632795,81.437366
Amiliya,24.624775,81.40224
Louwa Laxmanpur,24.629271,81.367485
Marha,24.617333,81.188896
Kushaha,24.627143,81.347204
Dadar,24.612804,81.20957
Madhachak,24.628513,81.268212
Puraini Jagir,24.63022,81.288478
Pathargadhi,24.626027,81.219574
Kharhari,24.626721,81.390126
Lohadwar,24.612618,81.436815
Padara,24.618598,81.416332
Dihiya,24.625271,81.33573
Tikuri,24.615554,81.308993
Madnua,24.620125,81.461343
Mohani,24.614703,81.246731
Nawagaon,24.617265,81.378634
Bahuribandh,24.611034,81.266004
Khamhariya,24.621481,81.294073
Bakchhera,24.610524,81.387578
Gangahara,24.614666,81.335615
Patharaha,24.616606,81.368044
Misira,24.615955,81.472662
Budhiya,24.606416,81.450941
Chhipata,24.61261,81.232718
Bara,24.614183,81.323339
Bara,24.600113,81.325876
Sagara,24.601358,81.358598
Padariya,24.609323,81.472565
Raura,24.604652,81.403025
Bara,24.607589,81.325649
Itaha,24.59979,81.301428
Patauna,24.601401,81.420574
Bagdara,24.604151,81.315565
Bandhawa,24.601665,81.463777
Dhawaiya,24.604506,81.233077
Lapta,24.597669,81.251238
Bandhawa,24.604163,81.475552
Mahsua,24.592095,81.426925
Sakarwat,24.598371,81.179564
Putari,24.599007,81.333109
Rampur,24.596921,81.385384
Barwah,24.596618,81.231261
Ukthi,24.594559,81.316843
Sursa Khurd,24.593989,81.475513
Amba,24.588786,81.274561
Tikiya,24.594194,81.260848
Mahsua,24.593351,81.438713
Bankuaiya,24.592743,81.201288
Joginhai,24.590898,81.455766
Kuaya,24.589301,81.216388
Majhigawan,24.591151,81.343636
Shivpurwa,24.590724,81.406665
Tikuri,24.586771,81.331524
Pahadiya,24.580624,81.379551
Paipakhara,24.587236,81.233624
Sumeda,24.584207,81.177304
Hariharpur,24.584778,81.313387
Mahsua,24.586198,81.436298
Paipakhara,24.584266,81.244665
Pahadiya,24.585165,81.391945
Bisar,24.583087,81.261671
Bihara,24.579398,81.204686
Khira,24.5826,81.418141
Bhati,24.58285,81.35561
Bhitwa,24.580387,81.252132
Itaura,24.576283,81.335461
Pahadiya,24.584734,81.398924
Patna,24.576705,81.400658
Allanagri,24.580438,81.300019
Ajigarha,24.573992,81.300272
Raipur,24.571604,81.432943
Barehi,24.572034,81.461146
Kitwariya,24.575318,81.285271
Gadhaba,24.564868,81.174024
Kullu,24.575863,81.229179
Dubaha,24.575601,81.31945
Puraina,24.570758,81.36516
Jeruka,24.572945,81.245593
Sonaura,24.569188,81.347151
Nain,24.574484,81.417177
Atariya,24.569436,81.264144
Marhi,24.568041,81.275648
Kachur,24.564299,81.209961
Ror,24.569175,81.411509
Ataraouli,24.570554,81.188486
Ajigarha,24.570511,81.317178
Rewa,24.528664,81.289932
Jurmaniya,24.56598,81.237267
Sirkhini,24.568773,81.305538
Sirkhini,24.562551,81.39876
Chorgadi,24.562959,81.383954
Bidawa,24.561816,81.255442
Khujh,24.554854,81.445157
Karahiya,24.556194,81.275517
Umariha,24.558126,81.327616
Ror,24.562538,81.415515
Belaha,24.561502,81.35136
Belha,24.560231,81.359622
Koshta,24.551706,81.355825
Kemar,24.558682,81.246018
Maidani,24.555229,81.262339
Budawa,24.552924,81.463509
Dhauchat,24.552173,81.224502
Bhaluha,24.554561,81.415953
Ramnai,24.550813,81.403525
Aitla,24.553989,81.429492
Chorgadi,24.550173,81.381185
Duari,24.549789,81.249177
Chhijwar,24.547275,81.171049
Teparo,24.544881,81.435647
Jonhi,24.548199,81.191901
Turkaha,24.546004,81.2615
Khadda,24.517545,81.363088
Kauadhan,24.540528,81.204589
Bhaluhi,24.547174,81.420455
Bhundaha,24.546314,81.367346
Sahijana,24.614806,81.296549
Amraiya,24.542681,81.240798
Madhachak,24.623195,81.269879
Mai,24.59434,81.287565
Barhadi,24.537623,81.459013
Tighara,24.540888,81.22051
Jiwala,24.537527,81.36671
Paipkhara,24.540275,81.413735
Madhepur,24.532774,81.16847
Baheliya,24.53616,81.18829
Godahar,24.533368,81.250103
Khajuha Khurd,24.530038,81.422391
Ramkui,24.532479,81.236112
Puras,24.526092,81.433831
Karahiya,24.531294,81.223583
Khaddi,24.532258,81.379278
Chaudiyar,24.531404,81.403675
Koliya,24.531252,81.443651
Sigti,24.52763,81.387627
Gadariya,24.527545,81.346151
Geruar,24.529068,81.478706
Bholagadh,24.526178,81.203164
Khamahariya,24.525486,81.190242
Bal,24.527023,81.463755
Umari Awadheshpur,24.518851,81.377075
Khamha,24.52329,81.359218
Patauta,24.523023,81.441587
Kapuri,24.522715,81.221538
Banjari,24.517888,81.475978
Kasai,24.521647,81.462371
Reethi,24.516225,81.391938
Sonara,24.518313,81.164372
Mahsaw,24.510864,81.410757
Mahidal,24.516584,81.207491
Lohi,24.505687,81.361427
Baijnath,24.507526,81.180433
Gahiri,24.514654,81.463043
Badagaon,24.496128,81.439752
Bhiti,24.514181,81.438949
Naraura,24.511823,81.147001
Tolarampiyare,24.509189,81.37392
Gerui,24.509886,81.452144
Agdal,24.504901,81.216044
Jori,24.508161,81.33899
Hinouti,24.504859,81.157446
Bhanpur,24.505021,81.348993
Khaur,24.503579,81.319192
Pakara,24.507024,81.469518
Dubahai,24.507464,81.199872
Lakhaiya,24.504392,81.386675
Mudiya,24.503383,81.477536
Narayanpur,24.502853,81.465812
Umari,24.501118,81.206466
Hatwa,24.503634,81.452773
Silpara,24.48627,81.296026
Sendua,24.494825,81.348363
Khajuha Kalan,24.485856,81.399784
Pipara,24.499167,81.256231
Jokiha,24.498561,81.380191
Rausar,24.492305,81.275047
Goragi,24.495029,81.417804
Silpari,24.493927,81.312139
Kothi,24.488591,81.326625
Mahuha,24.499555,81.47485
Baghnari,24.494753,81.462344
Gajar,24.492393,81.475754
Laxmanpur,24.485161,81.358053
Khokham,24.4922,81.244314
Raghunathpur,24.490983,81.228236
Bhusudi,24.484441,81.376274
Paderua,24.487212,81.465648
Rampurwa,24.48881,81.259833
Rakariya,24.481762,81.424587
Khaur,24.479642,81.34022
Deora,24.478349,81.244542
Dakwar,24.484562,81.309519
Khairi,24.486079,81.238311
Umari,24.481709,81.474192
Magurhai,24.479845,81.264308
Baghamada,24.480247,81.44696
Khaira,24.477138,81.227512
Musauwa,24.47938,81.453137
Baisa,24.476495,81.279551
Naudhiya,24.539407,81.384254
Sirkhini,24.538098,81.395669
Khaur,24.496289,81.337343
Bakiya Bailo,24.697274,81.147333
Kichwariya,24.69755,81.057466
Bakiya Tiwariyan,24.692963,81.165984
Khohar,24.689348,81.082307
Kandwa,24.685628,81.129255
Ghatbelwa,24.684891,81.110193
Renhta,24.685103,81.058917
Itaur,24.681792,81.037042
Bhalwar,24.682596,81.152332
Gadhwa Khurd,24.674957,81.05937
Mahidal Kalan,24.671427,81.15445
Sonwarsa,24.677095,81.102762
Vanpara,24.677421,81.127068
Madhi,24.673733,81.084885
Kitaha,24.660791,81.121143
Gajgawan,24.662116,81.036642
Majhiyar,24.664528,81.130618
Gadhwa Kalan,24.664303,81.050391
Barti,24.630726,81.090243
Bela,24.651092,81.107744
Chhibaura,24.654396,81.089834
Mahidal Khurd,24.661595,81.15362
Majhiyar,24.652756,81.054741
Ganjan,24.653695,81.151688
Deomau Daldal,24.626892,81.136046
Ramnagar,24.629504,81.058373
Fifir,24.63702,81.070477
Raghunathpur,24.620236,81.043561
Janardanpur,24.605282,81.077349
Chormari,24.590567,81.108821
Karmau,24.602242,81.05091
Degarhat,24.599398,81.143549
Mugwari,24.601158,81.033998
Bairiha,24.579448,81.062114
Umariha,24.588407,81.14632
Patarhai,24.587756,81.080853
Sagauni,24.581057,81.142998
Medhi,24.581838,81.037748
Tiwani,24.567993,81.150976
Jamuna,24.563063,81.094704
Bagahai,24.564694,81.053725
Kolhadi,24.566438,81.033985
Turki,24.560289,81.125251
Tapa,24.548519,81.061071
Kund,24.548193,81.131669
Katiga,24.544807,81.148088
Jhand,24.534927,81.105194
Rampur Baghelan,24.522375,81.059403
Deora,24.526215,81.133336
Korigawan,24.508622,81.116573
Bardaha,24.512022,81.096002
Karhi Lami,24.500057,81.094214
Rimar,24.495196,81.122549
Bhunsi,24.501456,81.032379
Kothar,24.498162,81.145491
Bela,24.485058,81.150505
Jhunsi,24.486331,81.055743
Padariya Kalan,24.494214,81.074276
Bairpar,24.493463,81.165245
Kemar,24.490279,81.195402
Bahelia Bhath,24.484292,81.127409
Era,24.476897,81.098177
Badhari Kothar,24.482126,81.182174
Paipkhara,24.480854,81.217758
Padariya Khurd,24.48729,81.101742
Ruhiya,24.478173,81.163392
Ramnagarpahad,24.479253,81.589313
Bela,24.45291,81.481413
Khokhara,24.469189,81.517716
Atrari,24.434659,81.508343
Khamhadiya,24.451652,81.491748
Churhatghat,24.447581,81.525656
Dadari,24.421015,81.482644
Kumhi,24.471664,81.486525
Bhusunwa,24.466622,81.502434
Amradandi,24.4464,81.513363
Barsaita,24.451846,81.573276
Dhumma,24.472749,81.826106
Pachokhar,24.479645,81.727574
Padkhuri,24.466446,81.711416
Kapuri Path Pahar,24.471069,81.69655
Tikat Khurd,24.474945,81.747531
Bairath Path Pahar,24.482559,81.679717
Kuspari,24.469541,81.83815
Hill Area,24.263958,81.26622
Submerged Area Villages,24.262273,81.33847
Nowbasata CT,24.560303,81.185624
Tank,24.698105,81.111872
Gada Babansingh,24.42145,81.902472
Kapuri Path Pahar,24.474759,81.674282
Karoundi,24.474547,81.879505
Gannaud Path Pahar,24.464295,81.664475
Barigawan,24.463554,81.869385
Patpara,24.465376,81.901182
Bagaiha Bandh,24.469447,81.82943
Bhelki,24.460934,81.651426
Dadar,24.467375,81.853457
Jokaha Kalan,24.465317,81.802425
Lakoda,24.450664,81.851702
Samda,24.465159,81.918932
Ganjar Pathpahar,24.439518,81.646594
Gannaud Path Pahar,24.440493,81.676092
Mohaniya,24.444055,81.617271
Shivpurwa,24.456539,81.799072
Gayghat,24.458264,81.918627
Dadhiya,24.447818,81.733144
Dera,24.45498,81.836828
Kakarha Kalan,24.45776,81.885529
Tikat Kalan,24.449426,81.765636
Chilari Kalan,24.444133,81.794157
Chilari Khurd,24.453316,81.822955
Baliyar,24.451404,81.880083
Mohaniya,24.445546,81.919805
Deoghata,24.441722,81.89979
Gannaud,24.441947,81.667456
Bhitari,24.441047,81.818565
Mamdar,24.425883,81.584227
Demha,24.438507,81.872405
Pateri,24.438353,81.74085
Bhelki,24.441357,81.660103
Bhelki Path Pahar,24.438319,81.653178
Badkhada,24.419421,81.607668
Maldewa,24.424537,81.543457
Taktaiya,24.435621,81.703454
Churhat,24.40901,81.690681
Pawa,24.435653,81.761956
Hardiha Kothar,24.438255,81.684535
Kurrwah,24.426742,81.828412
Khamhauniya Khurd,24.427287,81.68739
Khamhauniya Kalan,24.43199,81.674421
Hardiha Pawai,24.431279,81.68123
Sanda,24.424447,81.715367
Gada Lolarsingh,24.42516,81.916252
Bhelki Khurd,24.423726,81.795947
Chandainiya,24.430471,81.664124
Khadi,24.431694,81.895433
Duara,24.421863,81.747577
Naudhiya,24.425767,81.874843
Badokhar,24.425667,81.641807
Bhaluha Kala,24.416064,81.779949
Tiwarigawan Tiwarin,24.423199,81.658642
Tiwarigawan Kanchhedan,24.417875,81.652938
Boosi,24.417223,81.650307
Sundari,24.419317,81.648108
Kotar Khurd,24.418816,81.890338
Amarpur,24.413894,81.630395
Badkhada,24.422672,81.598544
Barigawan,24.406938,81.759784
Badkhada,24.415847,81.615566
Badkhada,24.422406,81.60485
Badkhada,24.415097,81.625252
Madhuri Pawai,24.417717,81.862485
Khicharigawan Khichargawari,24.418917,81.666156
Amarwah,24.412693,81.82627
Kothar,24.417863,81.929441
Koshta Kothar,24.413466,81.640053
Naugawan Dhirsingh,24.404907,81.837707
Sidhi,24.394017,81.876083
Basedi,24.395392,81.521152
Badkhada,24.41356,81.595602
Badkhada,24.411866,81.600481
Padkhuri,24.403906,81.567744
Jogipur North Tola,24.408752,81.913085
Bichhiya,24.402169,81.501015
Padainiya Khurd,24.411028,81.900612
Badkhada,24.410785,81.605098
Jhalwar,24.401421,81.593306
Padkhuri,24.395427,81.555368
Khairahi,24.407714,81.927414
Jamodi Kalan,24.405106,81.848824
Paraswar,24.410039,81.659923
Kargil,24.400163,81.790718
Lodhauta,24.38748,81.499982
Kothiya,24.396676,81.543722
Kudiya,24.392776,81.535964
Bisaindha Tola,24.403898,81.903092
Naugawan Darshan Singh,24.402612,81.816209
Koshta Pawai,24.400067,81.637563
Pondi,24.393712,81.486028
Jogipur South Tola,24.399162,81.921089
Mishragawan,24.399161,81.650056
Paikiniya,24.399351,81.602144
Kuwan,24.396003,81.612578
Jamodi Sengram,24.398678,81.843934
Padainiya Kalan,24.397592,81.910632
Panwar Baghelantola,24.393463,81.818599
Mirchwar,24.391715,81.767263
Kathautaha,24.394053,81.73032
Sonvarsha,24.387453,81.807238
Akauri,24.383361,81.699862
Muthigawan Khurd,24.386697,81.845686
Basaudaha,24.391877,81.833232
Padainiya Pawai,24.391284,81.915724
Suargat,24.387353,81.586774
Panmar Sengram,24.38202,81.830185
Hanumangarh,24.368812,81.638367
Kudiya Kothar,24.387155,81.572091
Bhitri,24.372396,81.603689
Hinauta,24.389482,81.903841
Jhanjh,24.353844,81.483548
Badhaura,24.382086,81.745545
Tendua,24.37914,81.793623
Bholgarh,24.378354,81.668925
Amdand,24.374683,81.531448
Kukdijhar,24.382957,81.921756
Batauli,24.382584,81.910363
Kubri,24.375659,81.764442
Muthigawan Kalan,24.383096,81.859002
Bijaypur,24.38195,81.900972
Amdand,24.381224,81.531044
Katauli,24.380173,81.573171
Mudi,24.366912,81.895719
Madha,24.379231,81.516295
Panwar Chauhantola,24.375026,81.821486
Padra,24.375817,81.863277
Loharitola,24.377422,81.927958
Korigawan,24.376488,81.505165
Gopalpur,24.374532,81.553562
Chulhi,24.375297,81.739752
Purusottamgarh,24.371847,81.724775
Jhagaraha,24.373481,81.733042
Banjari,24.369574,81.843437
Sonakhad,24.369404,81.902666
Patehara,24.365331,81.53503
Padkhuri,24.362732,81.808945
Kothar,24.370846,81.911821
Maharajpur,24.371358,81.922412
Jaraundha,24.372347,81.888994
Khairahi,24.365726,81.88542
Thakurdeva,24.371383,81.715579
Bhelki,24.458372,81.644398
Kakarha Khurd,24.453546,81.896144
Gannaud,24.447586,81.67693
Karanpur,24.367019,81.696488
Titira Shuklan,24.369392,81.504826
Titira Baghelan,24.368814,81.5175
Naugawan,24.366709,81.709676
Kandhwar,24.360095,81.558103
Bamhani,24.357953,81.774583
Dhankhori,24.35697,81.79416
Pondi,24.360666,81.718245
Mohariya Kalan,24.361705,81.863233
Beldah,24.363082,81.670187
Kitahani,24.362984,81.823822
Semariya,24.364015,81.733476
Rampur,24.359397,81.877859
Ramgarh,24.351359,81.888825
Chunaha,24.358219,81.918989
Rojhauha,24.36052,81.852435
Hathinapur,24.356303,81.757966
Deochha,24.350938,81.745011
Rampur Naikin,24.335852,81.500585
Madwa,24.347999,81.682104
Bahera West,24.352413,81.908361
Atraila,24.356992,81.8378
Kolhua,24.358928,81.708379
Baghwari,24.34159,81.820773
Kota,24.351704,81.575798
Bhamaraha,24.357489,81.729981
Dhanigawan,24.349611,81.642599
Patehara Kalan,24.336691,81.856218
Mohariya Khurd,24.352954,81.853563
Nausa,24.348705,81.653091
Chauhani,24.348924,81.608808
Naudhiya,24.349951,81.539516
Ramgarh,24.35257,81.732796
Goriyara,24.34445,81.896432
Kathriha,24.35192,81.709995
Kasihawa,24.349185,81.810568
Patehara Khurd,24.342735,81.872342
Sukwari North Tola,24.348327,81.840289
Mankisar,24.349346,81.724048
Gedra,24.344765,81.714047
Deogarh,24.336819,81.733887
Udahawa,24.345282,81.85422
Jhala,24.334845,81.553008
Mankisar,24.333226,81.717227
Obaraha,24.343332,81.75587
Satnara Pawai,24.334105,81.922898
Dudhmaniya,24.334842,81.658533
Khaira,24.328648,81.607151
Dithaura,24.338485,81.572088
Sajaha,24.333123,81.536502
Khirkhori,24.333808,81.797224
Bari,24.330634,81.777984
Bodaha,24.338658,81.78396
Bokaro,24.332841,81.634044
Aethi,24.325754,81.755598
Karaudiya,24.332133,81.703015
Kathas,24.33032,81.907205
Bairiha East,24.329357,81.874952
Karaundiya Tola,24.33499,81.888911
Sukhbavari Dakshin,24.330096,81.84314
Kathar,24.323469,81.673013
Nebuha West,24.326442,81.89429
Chhirauhi,24.326894,81.814737
Bairiha Misiran,24.325734,81.858818
Kankati,24.316735,81.582836
Kushmahar,24.301332,81.716246
Dewadand,24.320283,81.825731
Bairiha West,24.322163,81.843716
Nebuha East,24.316839,81.879649
Ghunghuta,24.319327,81.524936
Jhagri,24.311705,81.556802
Gaurdaha,24.314782,81.636616
Bodaraha,24.318706,81.910811
Padkhuri,24.289108,81.92328
Chhiwlaha,24.314548,81.78451
Sapni Duari,24.314404,81.805643
Kehjua Block,24.28856,81.579691
Khairi,24.313636,81.509786
Gadakhoh,24.315056,81.857673
Gujred,24.299356,81.530506
Morcha,24.310959,81.832688
Katri Kadi,24.307741,81.760409
Gandhigram,24.30814,81.892507
Posta,24.304622,81.604956
Kathauli,24.302731,81.845382
Chauphal Kothar,24.298717,81.803038
Chandreh,24.297208,81.495849
Chakdaur,24.297349,81.673277
Bagaiha,24.301326,81.918316
Chauphal Pawai,24.281381,81.773552
Taktaiya,24.29981,81.584215
Pawaya West,24.293633,81.8689
Lohara,24.299915,81.818847
Amilaha,24.295879,81.565029
Chhirauhi,24.298528,81.645682
Pawaya East,24.292016,81.899297
Rakela,24.289523,81.631774
Satohari,24.29031,81.650107
Karahiya,24.285258,81.817843
Karimati,24.285381,81.836502
Dhanaha,24.276919,81.615468
Baditola,24.28367,81.803776
Bhuiya Dol,24.281501,81.589313
Ahirantola,24.274756,81.668661
Umariha,24.270687,81.642837
Tilmani,24.278852,81.893295
Mohani,24.271122,81.577908
Charki,24.268831,81.706214
Tonadah,24.279955,81.861135
Itaha,24.274765,81.570604
Baniyatola,24.277688,81.907772
Charkipani,24.272446,81.916401
Badesar,24.270983,81.550758
Kochila,24.260363,81.845953
Chauganha,24.269826,81.561574
Baran Baba,24.267526,81.889392
Magrohar,24.267175,81.504885
Jamuniha,24.268187,81.598006
Maura,24.263047,81.534008
Sendura,24.257813,81.822284
Dolkothar,24.25966,81.870276
Beldahi,24.262271,81.485878
Sarethi,24.253186,81.738018
Madapani,24.260104,81.911455
Paipkhara,24.256141,81.525787
Jamuniha,24.255922,81.60964
Sukhi,24.258149,81.800076
Barau,24.256725,81.579366
Rimari,24.262097,81.586637
Dol Unmukt,24.258508,81.884062
Khaddi Kalan,24.25706,81.558115
Khailasemar,24.256884,81.769989
Mata,24.253155,81.710809
Amaha Tola,24.255274,81.687397
Koniya,24.252656,81.597412
Jhokharwar,24.357252,81.74426
Pachpahara,24.694726,81.52145
Pachpahara,24.697492,81.564037
Madhikalan,24.696515,81.576375
Tiwarigawan Polihan,24.697995,81.689242
Sathini,24.695711,81.614299
Dhawaiya Tukda,24.69781,81.629769
Belasa,24.69732,81.660249
Tikuri,24.682272,81.605902
Budawa,24.696716,81.54632
Bhatkayasthan,24.694459,81.695998
Mad,24.692189,81.536525
Tiwani,24.675653,81.504759
Tiwarigawan Manbodhsing,24.694507,81.702824
Itaha Khaprelan,24.689946,81.672928
Chhiulaha,24.692394,81.656195
Itaha Gangaram,24.693787,81.681501
Sohai,24.69101,81.647698
Sonwarsha Kalan,24.690745,81.589369
Dhawaiya Fauj,24.693367,81.63636
Sathini Mu Tikura,24.683684,81.630945
Marjadpur,24.687011,81.583463
Bhatsengar,24.688209,81.687204
Tikura Sathini,24.686732,81.620053
Tari Kalan,24.687405,81.572359
Tiwarigawan Uraihan,24.688076,81.70251
Tiwarigawan Rudrabhansingh,24.688846,81.697273
Godari,24.685917,81.542822
Sirkhini,24.687157,81.529202
Tiwarigawan Chandra Bhansingh,24.685187,81.691465
Paliyaduwan,24.671231,81.65121
Suarha,24.683664,81.646716
Karaunda,24.679528,81.521054
Tiwarigawan Rajasingh,24.68231,81.700092
Godari,24.682335,81.561883
Paliya Trivenisingh,24.682018,81.669638
Tari Khurd,24.680079,81.573983
Tikura Raghunathganj,24.677301,81.636867
Budawa,24.674569,81.487356
Godari,24.679356,81.541854
Saraisengar,24.672494,81.67948
Godari,24.677849,81.563844
Chandeh,24.673978,81.589036
Rehada,24.677197,81.526468
Kauadhan,24.677393,81.579158
Misirgawan,24.672916,81.667632
Laur Khurd,24.675141,81.70428
Hanumanta,24.674774,81.550703
Lodhawa,24.675367,81.534029
Karaundaha,24.664902,81.657722
Patharha,24.663199,81.622745
Duwagawan,24.666787,81.594505
Itaha Dandi,24.671144,81.536807
Budawa,24.671109,81.524661
Misirgawan Dube,24.671975,81.572755
Nauwa,24.671254,81.563838
Shivpura Nebuha,24.671986,81.691636
Bairathpur,24.671644,81.697914
Kon,24.669267,81.639634
Mangawan,24.65281,81.533715
Misirgawan Tiwarin,24.665489,81.576225
Pidariya Sengar,24.66392,81.692505
Saraikrishnakumar,24.66148,81.666712
Jaraha,24.663647,81.56062
Bhadaudhur,24.659485,81.567327
Dhabaiya,24.658471,81.636271
Sura,24.655923,81.483949
Bhauwar,24.661439,81.605745
Misirgawan Katan,24.656731,81.577203
Kachhigawan,24.660735,81.59201
Patpara,24.652484,81.677493
Karaundi,24.656543,81.556702
Alamganj,24.651825,81.500234
Pidariya Ramdulare,24.657731,81.688799
Dihi,24.655346,81.699951
Atraila,24.653155,81.594903
Somarhati,24.650481,81.558885
Manikwar,24.650184,81.645151
Chhiulahabandh,24.690082,81.662731
Godari,24.690473,81.548488
Godari,24.68717,81.558828
Dilaha,24.651095,81.610828
Duara,24.65019,81.627294
Sarbara,24.646695,81.697932
Atrakalan,24.644612,81.662163
Dagdauwa,24.647658,81.634571
Mohgarh,24.644126,81.580095
Mohgarh,24.643808,81.58845
Dubaha,24.643088,81.621941
Atara,24.642678,81.647906
Tiwarigawan,24.643346,81.616694
Sagra,24.634833,81.67292
Patehara,24.638144,81.59377
Nadha,24.64088,81.551674
Alamganj,24.64351,81.497172
Selpari,24.638234,81.604361
Duara,24.642759,81.632856
Chakmauwar,24.634379,81.613963
Delhi,24.633924,81.565387
Panigawan,24.628955,81.696742
Dhaurahara,24.638421,81.487522
Duara,24.639876,81.63444
Duara,24.63824,81.627108
Methauri,24.63172,81.539606
Patela,24.636018,81.641387
Kati,24.629901,81.583047
Patela,24.634072,81.649374
Methauri,24.632624,81.550413
Jhaura,24.613131,81.659712
Belwapaikan,24.624123,81.495971
Mahua,24.626134,81.602652
Deogaon,24.622543,81.525074
Duara,24.634143,81.629774
Duara,24.63263,81.635195
Duara,24.632043,81.629585
Amawa,24.627678,81.624312
Amawa,24.627542,81.639411
Paraswar,24.6226,81.645675
Semri Khurd,24.619114,81.585675
Padramajra,24.624599,81.667187
Raghurajgarh,24.616823,81.617062
Sukulgawan,24.621286,81.684549
Semri Kalan,24.622078,81.562585
Paliya,24.611499,81.596009
Chakparaswar,24.619735,81.633902
Kolgarh,24.621199,81.543625
Duara,24.636307,81.630912
Atra Khurd,24.620618,81.672761
Barati,24.615646,81.704789
Nawagaon Kothar,24.612896,81.554277
Dighwar,24.614705,81.69158
Kolgarh,24.613536,81.536808
Sonarupa,24.612684,81.514304
Shah,24.614195,81.683339
Bhir,24.610778,81.581791
Dhabaiya,24.608008,81.633662
Dhakhara Nawagaon,24.610135,81.524752
Mahula,24.60871,81.484573
Sirsa,24.597038,81.647594
Sonarupa,24.60718,81.510908
Titpur,24.607715,81.677244
Nawagaon Unmu,24.606639,81.548195
Madhi,24.602908,81.493083
Paliya,24.605343,81.532771
Dighwar,24.606886,81.692416
Chhirhai,24.604317,81.622672
Umari,24.585232,81.504131
Hardi,24.601738,81.568381
Urua,24.600615,81.704675
Pipri,24.603438,81.518347
Duara,24.635133,81.625575
Paliya,24.599714,81.527637
Khuraha,24.595234,81.618034
Sukuli,24.59971,81.54342
Satgarh,24.594588,81.51281
Dhabaiya,24.596586,81.63143
Bhothi,24.595478,81.593939
Udharenga,24.597776,81.519397
Satgarh,24.596642,81.58291
Sursa Kalan,24.590216,81.486144
Paliya,24.591898,81.525093
Dhadhar,24.593573,81.554389
Jhalwar,24.588344,81.672667
Ulahi Khurd,24.590299,81.604712
Majan,24.59338,81.541409
Malaigawan,24.589795,81.692069
Molaiya,24.57935,81.687609
Ulahi Unmulan,24.590652,81.57643
Dharampura,24.589532,81.630906
Mahuli,24.584204,81.529235
Tamara,24.586666,81.639459
Kuiyan Khurd,24.583991,81.545478
Kothi,24.583458,81.619062
Belaha,24.585629,81.653375
Chhipiya,24.681832,81.712374
Ulahi Kalan,24.582359,81.576425
Dharamnagari,24.583486,81.628468
Duraundh,24.581201,81.60906
Belhai Kalan,24.58289,81.696057
Amallakpur,24.581618,81.653307
Tamha,24.580662,81.559599
Belhai Khurd,24.580134,81.698769
Kuiyan Kalan,24.572388,81.535476
Tamari Rangnath,24.576644,81.664788
Mahgana,24.576479,81.570614
Rajigawan,24.567806,81.704268
Tamari Thakur,24.57534,81.671953
Ahirgaon,24.575666,81.628495
Baheri Ramprasad,24.575878,81.693852
Atara,24.575045,81.590761
Hatwa,24.57671,81.638831
Palaha,24.57632,81.65515
Patari,24.574955,81.616924
Beohara,24.571799,81.500092
Beohara,24.568194,81.52399
Shivpur,24.571127,81.680522
Tatihari,24.570129,81.557816
Manikwar,24.571245,81.61023
Bamuriha,24.566557,81.696293
Parsa,24.571185,81.515002
Belhai,24.570219,81.579262
Rampurwa,24.568613,81.652477
Umari Panditpurwa,24.569833,81.691047
Tatihara,24.56719,81.568848
Hinauti,24.567933,81.636093
Shivpura,24.568372,81.626812
Kuan,24.563954,81.545738
Beohara,24.563733,81.511785
Nivi,24.567734,81.595814
Tamaradesh,24.551014,81.664156
Shivpurwa,24.561364,81.581194
Manpuri,24.563619,81.612824
Umari,24.561354,81.68418
Deoraphareda,24.560274,81.597946
Dihuli,24.558148,81.650027
Ledua,24.561433,81.488518
Gorgaon,24.552484,81.490135
Narraha,24.557158,81.559866
Baryatola,24.559712,81.621987
Jhanjhar,24.560224,81.528922
Jagdar,24.562088,81.646915
Dilaha,24.645558,81.606974
Dadh,24.561808,81.632323
Padariya,24.54779,81.526842
Suji,24.551451,81.700579
Hardiha,24.551363,81.602919
Gorgaon,24.544136,81.49527
Pharedi,24.555613,81.584428
Amawa,24.554268,81.636637
Gonda,24.549634,81.62265
Purwa,24.542295,81.540205
Deotaha,24.55164,81.61236
Rerua Khurd,24.547307,81.579343
Tikari,24.548773,81.67669
Dagdaua,24.545963,81.687842
Umarimahapatran,24.552143,81.690486
Amawa,24.549825,81.640388
Ladh,24.5461,81.552758
Uprauda,24.548859,81.649136
Khaira,24.542637,81.507728
Amawa,24.547738,81.632668
Patela,24.637952,81.639707
Patela,24.636613,81.63573
Patela,24.635374,81.645148
Patela,24.63305,81.6427
Bhamra,24.646906,81.568663
Duara,24.633756,81.623076
Kharihaniha,24.623774,81.651928
Semrichak Urdana,24.614683,81.570867
Tukdajhaura,24.614407,81.677978
Barati,24.608109,81.70144
Chorhai,24.604553,81.608582
Ulahichak,24.602651,81.586647
Dhusaha,24.598947,81.681395
Panigawan,24.599112,81.687547
Dighwar,24.600325,81.691774
Sursa Tukda,24.575984,81.480385
Alakhpura,24.577506,81.600186
Dharampura,24.580863,81.639913
Chakpalaha,24.571873,81.644344
Bhatigawan,24.570095,81.586316
Kodara,24.557606,81.633575
Bhagtiniya,24.550071,81.59081
Shukulgawan,24.54837,81.56434
Shivpurwa,24.537398,81.682839
Amawa,24.544825,81.640946
Rerua Kalan,24.541954,81.567896
Duari,24.535549,81.611929
Itar,24.54045,81.591825
Gaura,24.536917,81.626455
Amiliha,24.52115,81.642127
Umriha,24.533973,81.599768
Jaraha,24.531606,81.649043
Geruari,24.529434,81.541868
Tamarapahad,24.506994,81.667475
Mahiya,24.533921,81.512291
Khajhawa,24.533223,81.500957
Sontha,24.524929,81.526153
Pahadi,24.530832,81.49157
Bela,24.53136,81.590125
Kon Mu Dhera,24.604343,81.747871
Sontha,24.524256,81.534485
Lohi,24.526637,81.515532
Venipurwa,24.526619,81.596515
Khajhawa,24.527671,81.503526
Bari,24.526637,81.605513
Tedhiya,24.526246,81.572
Chhapara,24.525661,81.702952
Dani,24.524117,81.588083
Venipurwa,24.522383,81.580633
Umriha,24.52272,81.609754
Dubaha,24.521232,81.502272
Geruari,24.520074,81.522787
Chadihar,24.520271,81.490638
Badwar,24.478444,81.54062
Rateh,24.519918,81.600103
Patna,24.519202,81.515065
Kushahai,24.518816,81.705053
Jaldar,24.516282,81.57498
Bandhi,24.518397,81.564616
Podi,24.516657,81.588954
Kauwadhan,24.513608,81.489659
Dadhawa,24.50881,81.564318
Bahera,24.481062,81.489634
Itarpahad,24.486643,81.632036
Mehana,24.511139,81.700995
Pahau,24.51434,81.50341
Bhita,24.51107,81.514581
Bela,24.512611,81.598742
Gurh,24.503372,81.505025
Barsaita,24.474492,81.565864
Amiliha,24.491602,81.490823
Barigawan,24.492831,81.503493
Chaudiyar,24.482065,81.496667
Bhatigawan,24.481436,81.508902
Bagdari,24.480702,81.481716
Deori,24.51077,81.554334
Amawa,24.543977,81.629175
Jaraha Katan,24.539678,81.647416
Amawa,24.542917,81.634715
Dadar,24.53494,81.552943
Math,24.53863,81.582227
Phasahiya,24.53268,81.57743
Rerua,24.531611,81.55955
Umarikatan,24.520031,81.688521
Mahidal,24.527385,81.562631
Itarpahad,24.516882,81.624324
Dhaurhara,24.522003,81.553014
Majhigawan,24.50575,81.519687
Duara,24.696115,81.929891
Salaiya Damodar,24.699729,81.814487
Juda,24.698763,81.84933
Nadaha Khurd,24.700411,81.861507
Dihiya,24.699903,81.709172
Ledara,24.579851,81.82767
Chandeh,24.695797,81.912609
Khujhwa Suarha,24.69787,81.760276
Dadi Karansingh,24.700317,81.840158
Khajurahan,24.698393,81.895556
Godari,24.697371,81.713552
Tendua,24.694092,81.855648
Mauganj,24.629507,81.931362
Bholara,24.696376,81.717585
Kandhwar,24.697534,81.777423
Salaiya Rustam,24.694559,81.807465
Pataivishesar,24.695211,81.730761
Jaki,24.695831,81.788451
Malaigawan,24.694039,81.742284
Rajaha Ramprasad,24.691836,81.821237
Lodhbadhaiya,24.694937,81.797762
Semariya Brindawan,24.690294,81.766222
Dadi Bajrangsingh,24.69545,81.838768
Hidwar,24.689015,81.873273
Semariya Kunjbihari,24.691166,81.775644
Mudariya Kapsan,24.687663,81.833161
Chakdeotalab,24.691638,81.73461
Misiriha,24.694001,81.708588
Rahana,24.690764,81.900646
Bhagatpura,24.692264,81.754685
Jaki,24.690609,81.786107
Salaiya Hanuman,24.688316,81.80288
Rajaha Kothar,24.688583,81.81817
Patharaha,24.691287,81.710069
Mudariya Chouban,24.685046,81.845317
Mudariya Ramnaval,24.68603,81.854302
Bahuti,24.678189,81.915229
Tiwari Gawan Chitowa,24.688862,81.710871
Ghoraha,24.686183,81.75248
Pataidasharath,24.686788,81.736227
Deotalab,24.686011,81.726946
Anti,24.688011,81.719706
Rajaha Vindheshwari,24.684105,81.813247
Baheraha Kalan,24.683802,81.776895
Tadahar,24.678514,81.926037
Dhadhani,24.680952,81.861169
Tiwarigawan Chak,24.685883,81.712205
Tiwarigawan Pande,24.685074,81.706897
Naudhiya,24.665072,81.739819
Ghelauhi,24.678382,81.791127
Panni,24.672227,81.818505
Bahikata,24.67966,81.757941
Mudariyapaharu,24.675733,81.83894
Urraha,24.67205,81.777363
Laur Kalan,24.676635,81.71157
Urua,24.673857,81.755137
Khiri,24.676244,81.765523
Sonvarsha,24.676107,81.729595
Dubgawan Duban,24.670453,81.854776
Dagdaua,24.670281,81.793436
Garrahata,24.6721,81.708152
Neguriha,24.668582,81.768176
Ghughari,24.668559,81.715556
Mudariya Mu Dubgawan,24.668167,81.844409
Pakara,24.657858,81.837381
Jamuhara,24.66744,81.808301
Dhawa Mu Bahuti,24.663287,81.928208
Madha,24.666708,81.705343
Jamuhara,24.661059,81.803744
Belahai,24.661208,81.788423
Pipara,24.659643,81.772512
Semriha,24.65846,81.849507
Turkihajari,24.658152,81.861846
Pipari,24.662078,81.708426
Turki Kurmiyan,24.658718,81.871171
Thongawal,24.658738,81.818448
Chitaipurwa,24.657697,81.759103
Bamuriha Shripati,24.65082,81.820453
Charihari,24.657242,81.886337
Atraila,24.653245,81.843884
Tikuri,24.657247,81.70741
Barya Kalan,24.655779,81.895219
Dhangan,24.647091,81.726959
Naudhiyaprahalad,24.65102,81.752428
Chandra Mahuli,24.651408,81.792055
Barhata,24.649167,81.855593
Kusudi Mu Dubgawan,24.651098,81.91181
Baryakhurd,24.651783,81.889848
Pahadi Majhiyar,24.649334,81.827496
Bhagatpura Katan,24.695013,81.749291
Pokhariha,24.691115,81.812823
Putari Muta Lordvadaiya,24.686279,81.794017
Baheraha Khurd,24.681724,81.767062
Mahesh Bandh,24.66003,81.880274
Turka,24.654066,81.901694
Rampur,24.648589,81.770405
Bamuriha Prannath,24.650906,81.806261
Bhathi Sengar,24.649312,81.87918
Murchaatari,24.646668,81.870705
Maubagdara,24.650269,81.864382
Belabhatan,24.649127,81.781449
Purwakalyanpur,25.000394,81.369607
Umari Musalman,24.646727,81.88547
Kusudi Mu Ganj,24.647422,81.904229
Bhadaiya,24.644871,81.84219
Paterishripati,24.642252,81.897429
Badaiya,24.644816,81.848134
Panditpurwa,24.645051,81.816617
Majhiyar,24.642619,81.832355
Rithi,24.645228,81.789351
Kharra Mu Shahpur,24.639951,81.757495
Bamuriha Indradatt,24.64143,81.80503
Belaparamsukh,24.643262,81.78196
Gulchua,24.640571,81.856732
Ratangawan,24.641201,81.793845
Geduha,24.641704,81.909
Umarimadho,24.639711,81.888499
Harraimudahan,24.633123,81.882079
Hatwa Saraihan,24.634815,81.750106
Tadaura,24.632405,81.712262
Matiyara,24.63471,81.77225
Dohara,24.634197,81.864713
Dighaul,24.637408,81.742375
Belagosain,24.638997,81.780808
Malatar,24.638157,81.81447
Kirtiya,24.637083,81.821787
Patiyari,24.637113,81.849436
Bagahai,24.637164,81.842947
Belaha,24.635099,81.87215
Majhigawan,24.635157,81.736064
Paterinarayan,24.635597,81.910082
Madhi Jagdishprasad,24.635577,81.800055
Kirtiya,24.633423,81.810679
Karhiya,24.632324,81.782284
Kotwarva,24.816682,81.953618
Naraini,24.634903,81.833774
Umarishripati,24.633174,81.900695
Pahadinirpatsingh,24.622365,81.767973
Pahadiamoch,24.631065,81.767015
Amokhar,24.624507,81.840819
Rakari,24.60038,81.869
Tendua,24.579499,81.78527
Rausra,24.629389,81.74332
Kirtiya,24.630869,81.817693
Udhaupurwa,24.618899,81.818055
Belaha Tirthprasad,24.627951,81.736462
Shukulgawan,24.630031,81.800183
Deori Bandha,24.6268,81.871627
Deori Shivmangalsingh,24.624091,81.876854
Semariya Mu Godari,24.61928,81.745587
Sengaraha,24.626964,81.806641
Pahadi Bholaram,24.625406,81.748011
Ratangawan,24.625331,81.796188
Ahiri,24.626435,81.789609
Niviha,24.617326,81.902134
Pahadi Dhaniram,24.62554,81.753261
Pateri Mu Dighaul,24.624778,81.72841
Hannachour Inderdutt,24.623478,81.785607
Nandanpur,24.615383,81.828384
Hargadi Mu Shahpur,24.620158,81.739738
Bhathijangal,24.596723,81.900275
Semariya,24.62004,81.757645
Hannachour Shivnarayan,24.622699,81.800931
Kushahai,24.620916,81.805758
Bhundaha,24.617191,81.716908
Godri,24.617486,81.787164
Barakatan,24.619057,81.729582
Shukula,24.616865,81.878373
Pahadi Dalvirsingh,24.612521,81.777948
Godri Shivprasad,24.617655,81.798243
Godriambikaram,24.614737,81.768769
Harraiya,24.613936,81.724816
Udharega,24.612494,81.745105
Belaha,24.594839,81.924064
Unchi,24.610148,81.757358
Gariara,24.608236,81.787733
Pipari,24.610661,81.797585
Padar,24.594596,81.823344
Bara,24.609134,81.728402
Baheri Chauban,24.600886,81.727051
Narainipahad,24.600351,81.847012
Shahpur,24.607441,81.768265
Barati,24.594166,81.713769
Majarauchi,24.60787,81.74575
Atariya Shivprasad,24.599952,81.808701
Banpadar Katan,24.597716,81.792408
Kirhi,24.602756,81.834388
Koodi,24.601367,81.760872
Misirgawan Katan,24.601243,81.769523
Dokrabhat Kalan,24.601675,81.78176
Baheri Nankar,24.597311,81.73756
Nagai,24.595717,81.783754
Misirgawan,24.590713,81.7764
Dokrabhat Khurd,24.595916,81.771689
Dhera,24.595509,81.745703
Bhath Mu Dhera,24.594569,81.754449
Dhodhri,24.587889,81.814182
Banpadar,24.581898,81.801102
Saraiha,24.572879,81.858023
Patharaha,24.591166,81.745303
Hargadi,24.590077,81.752607
Dudatola,24.589675,81.760742
Patharaha,24.590163,81.764818
Badkhara,24.586294,81.726283
Farhada,24.580965,81.753829
Hardi,24.581854,81.735804
Uchehara,24.579717,81.71891
Chhuhiya,24.572095,81.838078
Khaira,24.550383,81.727573
Piparahi,24.570745,81.743227
Neuriha,24.574938,81.78113
Kandhaiya,24.575169,81.791724
Kanjara,24.569159,81.754868
Baharadabar,24.566627,81.908585
Kankesara,24.568124,81.732859
Bara Pipraha,24.60723,81.735458
Gauri,24.561366,81.712746
Kulbaheriya,24.572218,81.77083
Chaurapahad,24.561259,81.822755
Duda Duari,24.568299,81.786154
Bhagata,24.563041,81.797294
Mahugada,24.565019,81.777314
Latiyar,24.558446,81.83806
Khetauhi,24.56084,81.737441
Dudhmaniya,24.555137,81.86207
Sitapur,24.551213,81.76101
Amaha,24.555666,81.792298
Bajaha,24.556536,81.810471
Khutaha,24.551641,81.719782
Harraha,24.545623,81.865081
Bara Kothar,24.605056,81.739457
Kaduaman,24.538225,81.806154
Bhath Mu Dhara,24.59497,81.763104
Bhatigawan,24.577426,81.713333
Mahgupurwa,24.634004,81.791728
Baribandh,24.630431,81.729511
Kaithiniya,24.631832,81.805258
Chakchauviya,24.626833,81.816048
Kacheriya,24.613817,81.734269
Vithaula,24.608488,81.721775
Belauha Mu Rakari,24.603444,81.855892
Majhauli Mu Kulbaheriy,24.600678,81.753199
Hansala,24.600333,81.745301
Baherikatan,24.593472,81.732961
Amahabandh,24.587255,81.785166
Kodwari,24.583607,81.774344
Magardaha,24.586335,81.757797
Karaundaha,24.58656,81.841166
Lagarkha,24.585318,81.742493
Kudiyakachhar,24.580785,81.767052
Ganigawan,24.571502,81.761996
Sapaha,24.56336,81.808366
Pagar,24.55721,81.786133
Amghati,24.543263,81.740017
Chandua Duari,24.541565,81.707355
Harraigujran,24.536584,81.830483
Kandi,24.531097,81.769925
Adsarai,24.521465,81.740795
Dihar,24.534063,81.715488
Chhapara,24.527765,81.716834
Gadhawa,24.5083,81.754845
Arjunkahua,24.513505,81.71559
Rajaha Baijnath,24.695505,81.8252
Laurkatan,24.692622,81.725683
Chaukasonvarsha,24.676556,81.721026
Turka,24.666751,81.729415
Umartal,24.681823,81.736739
Bhuari,24.677084,81.737495
Malakpur,24.529107,81.854921
Tipabadour,24.54621,81.79954
Kesara,24.520411,81.824541
Diharkatan,24.538983,81.718238
Malka Bandh,24.532124,81.707664
Chhapara,24.522731,81.711222
Rojaha,24.528933,81.924101
Madhugaon Viran,24.514248,81.891309
Chak Kamarji,24.512371,81.881399
Ukarha,24.502668,81.87899
Bichhi Pater,24.515536,81.920145
Charki,24.513636,81.866883
Kusiyara,24.507873,81.857588
Dihuki,24.482647,81.84752
Amallakpur,24.498726,81.854365
Lahiya,24.493947,81.85042
Dhakadi,24.504313,81.922504
Charhai,24.496394,81.830197
Baghau,24.491701,81.800469
Patauha,24.498317,81.910212
Chandaini,24.489224,81.816152
Putraiha,24.499603,81.867826
Bagheda,24.483075,81.789976
Madhugaon Abad,24.499451,81.888546
Mawai,24.476175,81.77073
Hadgadi,24.496594,81.894257
Majan Bandh,24.492186,81.87122
Deori,24.491433,81.882879
Piparha,24.486933,81.861053
Madhugaon Dakshin Tola,24.491388,81.892928
Amaha,24.484547,81.879567
Kamarji,24.483328,81.911632
Tendughati,24.562201,82.470926
Majan Bandh,24.488273,81.870296
Madhugaon Uttar Tola,24.485227,81.892329
Bhagesar,24.484342,81.927259
Pateri,24.484863,81.868991
Pateri,24.48001,81.865058
Chak Patharha,24.479549,81.9031
Hinauti,24.478071,81.898186
Hinauti,24.476934,81.889246
Madila Khurd,24.477407,81.928081
Patharha,24.478346,81.875013
Majan Bandh,24.479952,81.871204
Chhiwalaha,24.243034,81.929742
Kharsoti,24.005374,82.015029
Bhamraha,23.969299,82.195316
Kusmi,23.986265,81.993247
Kodar,23.969181,81.950109
Bhagwar,23.980102,81.96935
Bhuimand,23.970157,82.126152
Khamgarh,23.961879,82.110287
Bhamarkhoh Abad,23.990326,82.074413
Chagohar,24.001723,81.933001
Songarh Abad,23.979676,82.089947
Dhuriya,23.968427,82.163619
Deori,23.980286,82.106455
Gaiwata,23.980168,82.118156
Baigawa,23.950489,82.023924
Bhamarkhoh Block,23.980736,82.049226
Songarh Block,23.951884,82.066739
Kathautiya,23.963836,82.133848
Machharkata,23.956471,82.153478
Badwahi,23.951489,81.982524
Ghatitola,23.950478,82.089151
Butu,23.940322,82.097284
Majhauli,23.949913,82.109425
Kashkheda Kaskheda,23.948947,82.188346
Karail,23.946376,82.148123
Kotma,23.938027,81.936746
Keraha,23.947121,82.119672
Bendau Bendo,23.929222,82.187036
Semra,23.931497,82.110585
Machedhi,23.936345,82.145207
Majhigawan,23.933975,82.034515
Naudhiya Dewarth,23.929807,81.966274
Manwari,23.920603,81.996206
Chitrauli,23.920932,82.067738
Bhamarkachchh,25.003942,81.421099
Beldiha,23.918222,82.036793
Chandarsa,23.928063,82.139647
Juri,23.892767,81.948045
Keshlar,23.905765,82.115922
Khamhariya,23.918014,82.13299
Gadwahi,23.900675,82.153461
Dihara,23.899163,82.176064
Chokri,23.890309,82.047734
Suhira,23.898447,82.007725
Ghorbandha,23.904911,82.209566
Bandhadol,23.888519,82.088417
Amradandi,23.870795,82.204412
Runda,23.878578,81.994819
Belgaon,23.880718,82.125053
Jawari Tola,23.878731,82.100363
Harrai,23.863184,82.070903
Minaha,24.70209,81.632334
Amrola,23.858129,82.150218
Puraindol,23.846036,82.075415
Chaphal,23.868547,82.031862
Keoti,23.859325,82.185348
Bhadaura,23.854563,82.043105
Bailatal,23.847608,82.097733
Bhaiswahi,23.828887,82.06932
Sonhari,23.851839,82.025653
Kurchu,23.828932,82.135423
Looti,24.241967,82.096063
Deosar,24.201578,82.264473
Kusedi,24.2522,82.060443
Hills Area,24.533273,81.905435
Gurh R F,24.5218,81.796419
Sajhar,24.235459,82.348185
Kari,24.246732,82.28493
Betahadand,24.23727,82.381185
Karda,24.227057,82.019949
Mudwa,24.21718,82.277491
Sarseda,24.555219,82.384841
Joba,24.205854,81.943122
Pidara,24.219367,82.219541
Padhor,24.222125,82.19336
Bamhani Alias Madwa Mahua,24.219033,82.175105
Piparkhadi,24.204287,82.154318
Mahuli,24.193023,82.084992
Kolhua,24.215406,82.31525
Baghadih,24.20986,82.377293
Baheraha,24.212599,82.244289
Tal,24.207845,81.975575
Amallakpur,24.197781,82.039158
Antari,24.939413,81.416022
Pipri,24.201459,82.133448
Chhadna,24.202346,82.321191
Belmani,24.19926,82.011056
Deora,24.190978,82.316996
Kathadaha,24.188047,82.178996
Surga,24.19546,82.229809
Kukraon,24.182771,82.256987
Ujjaini,24.176979,82.358904
Nayatola,24.184907,82.128874
Kachhinar,24.185979,81.98513
Tingudi,24.170949,82.300856
Purail,24.172842,82.215761
Madraich,24.168422,82.029435
Sajaha Khurd,24.409351,81.978307
Talwa,24.164373,82.335769
Adhiaria,24.169547,82.188489
Kuchwahi,24.164792,81.963097
Barka,24.15917,82.123611
Naya Tola,24.163729,81.993398
Obari,24.145125,82.268161
Dhanwahi,24.160602,81.944617
Sarratola,24.159018,82.15406
Khaditola,24.154449,82.229105
Patharidaha,24.15147,82.168842
Gannai,24.126899,82.186193
Matia,24.152282,82.187332
Dhauhani,24.141755,82.060724
Dhummadol,24.0467,82.242442
Rajania,24.141441,81.997586
Makari,24.134694,82.32207
Chhamrachh,24.13339,81.945086
Kachhara,24.141293,81.969198
Pachaur,24.132604,82.353677
Mahrail,24.124397,82.136854
Look,24.909644,81.420545
Semariatola,24.139887,82.128627
Gida,24.122316,82.101674
Kasaiya,24.115449,82.231082
Katheri,24.110794,81.98612
Pondi,24.117108,81.964266
Jhurhanar,24.121541,82.209607
Bandha,24.081392,82.375583
Gadaigaon,24.089745,82.019145
Phuljhar,24.115952,82.281205
Atari,24.096721,82.065523
Bakhul,24.10045,82.272004
Mahuagaon,24.093607,81.944762
Lamidah,24.094127,82.326146
Sajapani,24.080408,82.11755
Dudhiyatola,24.100982,82.153853
Deori,24.082448,82.349219
Pokharitola,24.090255,82.204243
Godbahara,24.098545,82.171768
Bodaratola,24.093053,82.301744
Tharakthaila,24.096008,82.247387
Bada,24.760289,81.660335
Kanhaiyadah,24.076372,82.250533
Bharsedi,24.070574,81.969334
Ghaghi Tola,24.083152,82.146049
Jhundihawa,24.081979,82.159869
Diyagadai,24.077643,82.223803
Ghoghara,24.074202,82.182278
Dahjud,24.082432,82.170298
Gajara Bahara,24.065417,82.28261
Jamgadi,24.043536,82.319907
Jhara,24.037892,82.085119
Sarai,24.04909,82.205641
Naudhiya,24.055672,82.162694
Shivgarh,24.044371,82.139176
Parasi,24.031788,82.039078
Suggo,24.043418,82.346857
Banjari,24.034545,81.99294
Chachardol,24.050053,82.033623
Jattha Tola,24.048007,82.25487
Churwahi,23.971175,82.41382
Khanua Nawa,24.027427,82.278788
Kakarsiha,24.033752,82.111437
Amhatola,24.040019,82.176631
Gora,24.02705,82.24653
Khanua Khas,24.025684,82.305707
Hariharpur,24.029293,81.966692
Bharseda,24.017019,82.056344
Itama,24.024927,82.155144
Koni,24.022869,82.19791
Samud,24.014936,82.169654
Bhikhajharia,24.0051,82.210866
Belgaon,24.01946,82.1248
Budher Bugher,24.009558,82.352847
Chamaridol,24.006189,82.109859
Pondi Dol,23.993934,82.240064
Dudhmania,23.99965,82.138896
Bhalyatola,24.003315,82.318416
Hatta,23.999462,82.185411
Semua,24.001487,82.371865
Gorwani,23.986725,82.275572
Sigata,24.74466,81.659619
Phatpani,23.983742,82.3091
Khairahi,23.983827,82.372381
Dhirauli,23.975776,82.331698
Bajaudi,23.955832,82.28823
Chalari,23.956517,82.311465
Tal,23.953279,82.225797
Khohara,24.85676,81.200083
Ladbai,23.956379,82.263145
Amrai Khoh,23.946622,82.346046
Amdand,23.952498,82.332807
Siraswah,23.951572,82.325761
Digwah,23.941252,82.255611
Majhauli Path,23.939981,82.317586
Basi Berdaha,23.938562,82.383547
Dogari,23.9169,82.291278
Belwar,23.930238,82.328875
Bhaisa Buda,23.917424,82.246237
Pondi Path,23.87396,82.325726
Langhadol,23.880726,82.258974
Sajawar,23.891992,82.272993
Rauhal,23.871028,82.28816
Odgadi,23.855234,82.37267
Sigrawal,23.86036,82.247392
Bindul,23.833382,82.337145
Bucharo,23.840128,82.24765
Pura,23.828977,82.215062
Sonhari,23.823769,82.230277
Churipath,23.818668,82.308115
Dhangarh,23.822916,82.274683
Lalla Bahara,23.821839,82.252447
Bhunda,23.811624,82.234871
Bhadauli,23.846728,82.219825
Jalpani,23.871537,82.234642
Khokhari,24.014801,82.44027
Sigahi,24.019856,82.472441
Sakhauha,24.009645,82.466398
Bandhaura,24.001576,82.396954
Betariya,23.958548,82.429917
Raila,23.999471,82.432223
Chaura,23.996595,82.459514
Karsualal,23.990989,82.41288
Rajmelan,23.990317,82.478995
Karsua Raja,23.983104,82.44377
Nagwa,23.970198,82.395462
Malga,23.974517,82.43177
Kotiya,23.964826,82.453549
Padari Khunta Tola,23.945683,82.463826
Dhuni,23.952661,82.405315
Nadau,23.941788,82.425953
Padari Raja Tola,23.941512,82.44851
Raundi,23.932903,82.46672
Asni,23.922822,82.465667
Umariha,24.854397,81.211102
Padari Khairwari Tola,23.920373,82.423215
Dheka,23.916983,82.471742
Kamai,23.891028,82.381387
Mada,23.897055,82.457057
Kachara,23.86296,82.435583
Barainia,24.226324,82.444795
Jeer,23.826424,82.389179
Dhaudar,24.226056,82.425305
Bhalugarh,24.205394,82.474405
Mukunda,24.848427,81.220542
Dhari,23.828366,82.47682
Odagadi,24.236423,82.398907
Badokhar,24.238158,82.467775
Khekhada,24.20851,82.406916
Barhawatola,24.198468,82.426407
Bargawan,24.178684,82.432147
Kanai,24.192422,82.461969
Jobgarh,24.194045,82.403366
Daga,24.179737,82.451848
Majhauli,24.163811,82.388556
Manihari,24.153659,82.41737
Gadariya,24.15272,82.472132
Phulwari,24.137313,82.443362
Kunda,24.136375,82.385625
Tenduha,24.114812,82.385448
Gullidand,24.118817,82.47529
Dhuskari,24.108022,82.464369
Pidarwah,24.090599,82.417662
Karmatola,24.107941,82.439062
Badma,24.093987,82.474352
Bihara,24.074199,82.479186
Chitarwai Kalan,24.056523,82.46223
Suhira,24.041334,82.427579
Amiliya,24.037216,82.390761
Chitarwai Khurd,24.037519,82.46283
Pidkhuri,24.03114,82.459502
Amra,24.030351,82.475886
Hatwa,24.470757,82.076198
Ramdih,24.476272,82.02226
Jethula,24.470871,82.231398
Rojaha,24.475043,82.06164
Jamuar,24.475163,82.182659
Patulakhi,24.474988,82.167329
Dhutpura Unmukt,24.470274,82.16128
Khetauhi,24.472428,81.995948
Duara,24.466864,82.201677
Jhumar,24.47229,81.9336
Mayapur,24.470328,82.146439
Kotdar Khurd,24.469632,81.959896
Patehara Sontir,24.465198,81.982304
Gajraha,24.466889,82.00022
Paraswar,24.465608,82.123361
Pakhada,24.46277,82.181763
Kotdar Pahari,24.473321,81.94599
Karkachaha Gayadin,24.465169,82.15287
Samda,24.461905,82.021423
Piprohar,24.448645,81.949556
Godahi,24.460879,82.105989
Kotdar Kalan,24.465252,81.947786
Salaiya,24.463284,81.934544
Dhutpura Kothar,24.460861,82.16809
Pujauhi,24.462457,82.033112
Amarpur,24.462279,82.050492
Satpahra,24.462419,82.006097
Bhanmari,24.460274,82.15945
Ghugha,24.457106,81.984218
Mauhar,24.459723,82.137682
Pathrauhi,24.459619,82.028954
Mathpuriya,24.458546,82.19205
Jatkhaniya,24.450081,82.086275
Sarsa,24.446326,82.115211
Kachari,24.458031,82.14719
Akla,24.456096,82.022675
Mudika,24.451554,82.056744
Amdiha,24.451967,82.124393
Jhingajhar Gaharwar,24.453019,82.007861
Mauhariya,24.45464,82.134826
Khori,24.448884,82.039645
Karkachaha Jagdish,24.453125,82.14829
Deogawan,24.450766,82.160892
Jhingajhar Chauhan,24.449369,81.983398
Bakainiha,24.45059,82.0693
Sihuliya,24.44861,82.211924
Chorahi,24.447166,82.101649
Karkachaha Unmukt,24.450182,82.140141
Mudwani,24.449213,82.184126
Sareh,24.448429,82.021836
Bairiha Paipkhar,24.450039,82.132886
Phulwari,24.448845,82.17238
Bhanmar,24.442825,82.154911
Bhaluhai,24.445215,82.060175
Bhatigawan,24.44425,82.145141
Sarda,24.43898,81.98826
Karkachaha Sukhdeo,24.441103,82.138654
Chamardah,24.44382,82.074096
Patehara Kothar,24.442838,82.011335
Matihani,24.439305,82.121694
Bichhiya,24.442993,81.970636
Bahera,24.440077,82.110933
Bairiha Kothar,24.438335,82.129175
Patai,24.441546,82.17378
Jhumariya,24.440658,82.026337
Bahri,24.420864,82.17773
Amrahi,24.438396,82.062025
Bahera,24.439835,82.163954
Duara Kalan,24.43372,82.033833
Bhamaraha,24.433896,81.956123
Deori,24.425159,82.131723
Gajrahi Kothar,24.434775,82.077206
Gajar,24.435016,81.970058
Gajrahi Unmukt,24.426551,82.077536
Gajraha,24.432931,82.091948
Dhumma,24.436079,82.107226
Kubra Kothar,24.436524,82.146731
Kasiyar,24.432538,82.05212
Sairpur,24.427053,81.990468
Keshwahi,24.433999,82.164518
Kushiyari,24.424581,82.045869
Kubra Paipkhar,24.424452,82.156975
Padariya,24.41906,82.101107
Bhitari,24.413581,82.069815
Paigma Viran,24.42206,82.125309
Akauri,24.428638,82.007685
Mahugarh,24.424832,82.014277
Baskati,24.426112,81.959173
Karaundi,24.424459,82.035576
Paigma Abad,24.418832,82.117419
Dewardand,24.426476,81.936318
Majhreti Kothar,24.420602,81.972221
Duara Khurd,24.421112,82.025737
Kudainiya,24.419305,81.998444
Belaha,24.414539,82.009975
Madwa,24.416518,81.960623
Chandwahi,24.417988,82.140958
Bedua,24.418683,81.943956
Mau,24.413997,81.990674
Khauraha,24.416151,82.02968
Sajaha Kalan,24.413467,81.983999
Kubri,24.412211,82.04704
Majhreti Kalan,24.412729,81.97249
Khaira,24.410459,81.99807
Khajuri,24.410605,81.942722
Kotaha,24.408391,81.953068
Jiganaha,24.410498,82.032711
Tarka,24.402013,82.160368
Sapahi,24.406651,82.051936
Jogi Kothar,24.4087,82.019922
Sadla,24.398378,82.01232
Dadari Kalan,24.403033,82.128861
Dol,24.398804,82.188575
Narayanpur,24.405319,82.040732
Mugwari,24.405055,81.967421
Tenduha,24.404225,82.010365
Dhadha,24.404561,82.023775
Tedhawa Tola,24.402972,81.960443
Samardah,24.393766,82.091201
Padariya,24.387545,81.987082
Malkham,24.395255,82.04859
Kuchwahi,24.402161,81.976468
Rajdiha,24.403786,81.992197
Misirgawan,24.403685,81.938599
Upani,24.392101,81.947037
Deoraha,24.398483,81.932437
Deoraha,24.386778,82.013545
Katharra,24.397296,82.029888
Khochipur,24.381502,82.060019
Shivpurwa,24.384244,81.961807
Godaha,24.389075,81.997237
Majhreti Khurd,24.395582,81.97787
Kothar,24.393765,82.015192
Jhanjhar,24.392569,82.023837
Pokhdaur,24.394058,82.001031
Dadari Khurd,24.387819,82.125506
Janakpur,24.385814,81.974193
Hadbado,24.392227,81.928917
Bhelki Kala,24.380278,81.935125
Ballaha,24.385536,82.005751
Bodaraha,24.381486,82.027281
Bharuhi,24.370667,82.140794
Jholu Tola,24.376941,82.099024
Khoha,24.37467,82.001487
Bhaluha Khurd,24.37614,81.944211
Chhuhiya,24.364712,82.023067
Pokhara,24.36125,82.081477
Kudi,24.368429,81.974855
Bilaro Tola,24.363783,82.104989
Mochh,24.455008,82.172808
Jamuniha Khurd,24.365459,81.956046
Jamuniha Kalan,24.363917,81.941613
Rado Tola,24.357358,82.061923
Kochita,24.36057,81.990864
Bamuri,24.348989,81.971949
Amhawa,24.351386,81.946479
Saro Khurd,24.352563,82.037044
Kolhua,24.344219,82.001549
Satnara Kothar,24.346342,81.931991
Saro Kalan,24.342207,82.027525
Pondi,24.330674,82.086104
Gajraha,24.337238,81.950405
Mahurainiha,24.836477,81.175859
Jogi Bahara,24.337585,82.044046
Itauhi,24.332032,81.940162
Dandi,24.33393,81.974715
Bhatha,24.321626,82.000387
Padri,24.310601,82.026555
Bisuni Tola,24.314185,81.942601
Hadbado,24.30558,81.966426
Semarhiya Tola,24.295022,82.010439
Sirsi,24.264816,81.995733
Masuriha,24.287226,81.940475
Tegwa,24.266848,81.949377
Madwa,24.319858,82.176597
Barpan,24.389368,82.170414
Khurmucha,24.457758,82.270717
Karahiya,24.465426,82.355834
Mudmani,24.448245,82.309568
Gator,24.453669,82.336406
Kusahi,24.434226,82.239328
Cholar,24.440393,82.361505
Harkati Harphari,24.431486,82.336396
Basahi,24.431862,82.26823
Bairdah,24.414628,82.364235
Jhokho,24.423345,82.208382
Dhawai,24.411534,82.311075
Parai,24.410524,82.264876
Rehi,24.403485,82.220616
Karthua,24.393249,82.235009
Redi,24.38711,82.28403
Dhilari,24.377124,82.353433
Bharra,24.373364,82.257968
Parma,24.372337,82.303579
Khamhariya Kalan,24.371373,82.201067
Khamhariya Khurd,24.366152,82.238195
Chandainia,24.347755,82.319332
Saraudha,24.343004,82.171935
Budhadand,24.350692,82.37103
Kursa,24.339096,82.22083
Bamhani,24.348744,82.339288
Dodaki,24.354137,82.121183
Jiawan,24.342662,82.2707
Gaurawa,24.335728,82.327673
Akauri,24.33588,82.292766
Kudi,24.339176,82.340135
Duari,24.333807,82.14923
Khairabada,24.325589,82.36116
Madi,24.333451,82.344237
Baghbudawa,24.326133,82.2699
Dhapsa,24.319948,82.163043
Baheradand,24.328113,82.343607
Chandreh,24.30838,82.1399
Dhanaha,24.323007,82.319504
Jhakharawal,24.320462,82.32625
Majhigawan,24.318617,82.124914
Birti,24.321633,82.341583
Bahera,24.319858,82.283331
Naudiya Viran,24.314425,82.277177
Dauadol,24.316636,82.190468
Samda,24.316301,82.301447
Godgawan,24.318126,82.310051
Supela,24.315998,82.292975
Harra Birti,24.315847,82.347607
Dhoga,24.309571,82.215005
Parsauna Unmukt,24.314882,82.330197
Umarhar,24.313572,82.365836
Parsauna Kothar,24.312728,82.336048
Katan Gurupura,24.310357,82.317368
Parsohar,24.301191,82.101919
Bodia,24.308492,82.248966
Deogawan,24.309315,82.348261
Itar,24.307776,82.288527
Chataniha,24.287965,82.196077
Kataha,24.305865,82.306616
Khandhauli,24.277328,82.168229
Katan Nisph,24.305463,82.32543
Chhiwa,24.304136,82.272449
Amo,24.290441,82.372941
Jagahat,24.295714,82.077459
Khobha,24.300398,82.298714
Bandha,24.28136,82.1174
Gurupura,24.303287,82.318534
Bharuha,24.29598,82.332376
Sahuar,24.293418,82.280287
Lilhara,24.298336,82.349216
Khadaura,24.296808,82.318839
Medh,24.294077,82.217097
Harra Chandel,24.293724,82.295126
Tikat,24.278132,82.05204
Sanda,24.297949,82.049943
Katauli,24.29255,82.308105
Bargawan,24.291982,82.342706
Jharia,24.289985,82.353295
Jogini,24.285005,82.316602
Lohara,24.277554,82.251732
Kundwar,24.27633,82.082766
Charki,24.267423,82.220322
Majauna,24.28011,82.289074
Purwa Jagir,24.279896,82.349492
Chahali,24.254225,82.142585
Barahpatia,24.284345,82.302764
Harra Viran,24.281087,82.32644
Chakuwar,24.283164,82.271518
Silaph,24.266596,82.365675
Basaha,24.277989,82.278627
Atarwa,24.274536,82.263858
Koharakhoh,24.270544,82.331203
Chanduar,24.276517,82.299379
Sattichaura,24.273186,82.31113
Kodaria,24.25833,82.033268
Songarh,24.26702,82.28462
Bhakuar,24.271133,82.273477
Deora,24.28745,82.256131
Mukhuri Khadi,24.259885,82.252543
Garhwa,24.265192,82.299867
Kerwa,24.26528,82.309661
Langha Dand,24.255669,82.317802
Katan Majauna,24.304014,82.3375
Baisahun,24.376411,82.163737
Harraha,24.336914,82.122531
Mada,24.832568,81.111022
Naudiya Abad,24.303497,82.279086
Khatkhari,24.684555,82.022571
Patehara [Bastivani,24.700304,82.130226
Gada,24.685908,82.070964
Patehari,24.698545,81.944635
Pati Nirmohisingh,24.696896,82.146932
Kailashpur,24.642485,82.094207
Chhiraha,24.682782,81.943581
Patehara [Sonvarsha,24.697502,82.141678
Vakiha,24.697961,81.961844
Teliya Bood,24.693918,82.00251
Dubiya,24.697219,81.968642
Hardihai,24.68991,81.96732
Varma Jawahirsingh,24.679675,82.135744
Ramkudwa,24.669554,82.012339
Raghunathgarh,24.669412,82.09652
Shivgarh,24.683184,82.109011
Deora,24.685264,81.984906
Varna Mahatman,24.662374,82.146503
Varyan,24.678138,81.958791
Chhodra,24.647769,82.065077
Narsinghpur,24.665363,81.991786
Patehara,24.653773,81.960486
Uksakothar,24.665637,82.047507
Ghogham,24.657018,82.12176
Jamuniya,24.652196,82.075222
Baghaila,24.64041,81.995224
Balbhadragarh,24.64686,82.046804
Teliha Nirmohisingh,24.650119,82.106503
Sinaha,24.696139,81.981998
Kotha,24.682687,82.119603
Tadahar,24.656357,81.932197
Bamangarh,24.638366,82.026369
Teliya Mahatman,24.636704,82.107857
Sajwani Kalan Sajmani Kalan,24.565468,82.145547
Biradei,24.616015,82.138303
Madrawal,24.629058,81.959501
Khodhmani,24.623604,82.074556
Piparahi,24.611905,82.104154
Majhigawan,24.6229,81.988859
Semri,24.538505,82.144619
Damodargarh,24.604389,81.992775
Bramhagarh,24.614138,82.049495
Koidar,24.593041,81.94929
Sardaman,24.585999,82.042248
Kanhaiya,24.589331,81.939553
Harrai Pratap Singh,24.569191,81.984198
Hardi,24.580994,82.087425
Badagaon Viran,24.583573,82.128554
Bhoro,24.570496,82.151947
Gahilwar Khurd,24.835611,81.197058
Joki,24.563305,82.13934
Sajwani Khurd Sajmani Khurd,24.563975,82.132815
Chamari Mahua Bandh,24.556027,82.07139
Mahua Bandh,24.563278,82.066185
Bijaypur,24.557483,82.063778
Piparha,24.570224,82.054997
Bithauli,24.553505,82.041611
Silwar,24.559032,82.124876
Adaipur,24.560366,81.939747
Belgaon,24.558951,82.11715
Kodaura,24.557847,82.112199
Paraswar,24.558039,82.107433
Badagaon,24.558395,82.102588
Tenduha,24.548412,82.015832
Uphrauli,24.55752,82.097009
Baghaudi,24.556979,82.087275
Damak,24.549748,82.077919
Rupauli,24.545886,82.00374
Amra,24.549223,82.143155
Sudwar,24.545636,82.084722
Kumhiya,24.537178,82.03205
Jhagrauhi,24.543353,81.980716
Chapkhala Bandh,24.524052,81.938077
Saraiha,24.54266,81.95318
Amiliya,24.540875,82.122317
Path,24.542325,81.939059
Pipara,24.5429,82.141962
Didhwar,24.535452,82.103016
Kadiyar,24.534024,82.096068
Dihuli Tikar,24.533793,82.090613
Karimati,24.518389,82.00759
Tikar Rajaha,24.533083,82.084568
Pachdo Unmukt,24.530866,82.078839
Khorba Tola,24.527649,81.963738
Chitang,24.524168,81.992867
Sonvarsha,24.525811,82.067914
Pahadi Kotra,24.530793,82.059436
Parisidhi Parsidhi,24.531344,82.138738
Kubri,24.531007,81.99643
Arkha,24.528633,82.022045
Pahadi,24.525848,82.031867
Chamari Sonvarsha,24.528745,82.074104
Turra Bandh,24.527462,81.972443
Karai Khand,24.518725,81.958981
Pahadi Chak Tenduha,24.528141,82.043123
Korauli Khurd,24.528057,82.117208
Lohidand,24.525567,81.985904
Sajaha,24.527994,82.010463
Naudhiya,24.521092,82.126622
Rajoi Bandh,24.527856,81.978956
Jamui,24.520797,82.104875
Dihuli Khas,24.527124,82.102337
Bahera,24.525661,82.051835
Chamrauha,24.520881,82.13587
Kubari,24.52058,81.951282
Pachdo Madho,24.522425,82.09416
Pachdo Kothar,24.525432,82.087084
Amadei,24.521915,82.147679
Atraila,24.508536,82.124993
Bnnihai,24.515197,81.94894
Korauli Kalan,24.518648,82.115684
Sahji,24.517502,82.056266
Pachdo Pitai,24.520614,82.083567
Paniha,24.514084,82.042114
Khorba Khas,24.518336,81.981861
Ghoghara,24.517419,82.021516
Jokaha,24.511897,82.144155
Sehuda Abad,24.513813,82.106682
Dihuli Tikar,24.515009,82.099202
Titali,24.509771,82.084523
Gajrahi,24.51543,81.993746
Dhumma Kalan,24.509808,82.03175
Kushahai,24.510067,81.94657
Dihuli Tikar,24.508966,82.096006
Gahira,24.503878,82.01514
Hatwa Kalan,24.503461,81.975382
Parsidhi,24.509727,81.940463
Naugama,24.509275,82.004743
Hatwa Barha Tola,24.509444,81.993675
Umariya,24.501363,82.071255
Khadbada,24.50327,82.057379
Kukrao Bramhantola,24.49983,82.139135
Dhauha,24.507486,81.933986
Dhumma Khurd,24.505675,82.025343
Parsauna Khurd,24.507301,82.106665
Duraon Abod,24.503959,82.132322
Parsauna Dandi,24.505927,82.116275
Badhauna,24.500051,81.964067
Lonaha,24.500388,81.955431
Baghmariya,24.503832,81.945253
Chak Dewara,24.730962,81.483494
Timsi,24.495294,82.036752
Mungaha,24.49909,81.943745
Parsauna Kalan,24.498195,82.113371
Bageri,24.498892,82.106052
Kukrao Majhitola,24.49575,82.147394
Godaha,24.499079,82.001296
Khadi,24.492454,81.999613
Parwa,24.488911,82.15312
Baghmara,24.495188,81.942325
Padariya Khurd,24.491431,81.931166
Neguda,24.492451,81.941894
Dadhiya,24.481954,82.123064
Kirauha,24.489944,81.972496
Tariha,24.477059,81.983935
Dhawa,24.482598,81.998295
Kolhudih,24.486512,81.953414
Tilai,24.478954,82.093797
Baliyar,24.48598,82.05974
Murdadih,24.484847,81.975914
Marsarha,24.477712,82.042839
Laua,24.481071,82.145431
Badami,24.479072,81.956535
Madila Kalan,24.480874,81.937773
Bahera,24.47749,82.007466
Mahuwar,24.545933,82.103097
Mahuwar,24.545681,82.091836
Dirman Bandh,24.518394,82.07422
Sehuda Viran,24.496782,82.089824
Duraon Viran,24.499601,82.122817
Baliyar,24.477298,81.967966
Padariya Kalan,24.500749,81.931434
Hata,24.678802,82.218315
Kon,24.697249,82.214888
Amiliha,24.698646,82.173152
Unchehara,24.698335,82.166348
Bhuiyakha,24.696764,82.194207
Pati Nanhakusingh,24.69666,82.154464
Paipkhar,24.695488,82.177228
Khunta Bedaulihan,24.693981,82.184553
Nadana,24.688591,82.193502
Khunta Patkhan,24.692298,82.17941
Pati Mahatman,24.691039,82.159464
Bhadauha,24.689982,82.167277
Jhari,24.682094,82.177883
Jattha,24.678771,82.164675
Barahi,24.67872,82.188034
Piparauhi,24.674553,82.201938
Pati Mushran,24.654514,82.200429
Deori,24.657152,82.180861
Panchar,24.64211,82.218383
Chitwariya,24.583617,82.219306
Jadkud,24.630634,82.280499
Gopala,24.652972,82.165665
Munhai,24.636068,82.232894
Nakawar,24.624852,82.164672
Amahata,24.620128,82.225332
Dhengrahi,24.628612,82.208827
Danison,24.625795,82.242793
Mahdewa,24.61881,82.196972
Dhanuhinar,24.613512,82.249341
Chitwariya,24.58327,82.212966
Chitwariya,24.588668,82.231848
Balhaya,24.585284,82.24043
Godigaon,24.584166,82.205283
Gairua,24.569024,82.269613
Chitwariya,24.587775,82.24919
Deogaon,24.582746,82.197792
Medhauli,24.571365,82.294946
Baghor,24.565897,82.311159
Chitwariya,24.582969,82.226017
Keshauli,24.570017,82.282133
Mudapahad,24.591043,82.176063
Mudapahad,24.600896,82.219123
Banki,24.585018,82.25421
Ghopari,24.575942,82.187697
Karkota,24.581015,82.263206
Uksa,24.571811,82.178574
Chitwariya,24.581877,82.249394
Byohar Khad,24.570536,82.334845
Supela,24.571427,82.167783
Dudhmaniya,24.57072,82.255756
Dudhmaniya,24.572745,82.249166
Savaicha,24.573124,82.240939
Basuli,24.569838,82.158604
Ladbad Kalan,24.574218,82.231583
Bamuri Rajmatsingh Khas,24.574436,82.223191
Bamuri Kothar,24.569942,82.214047
Lilwar,24.549259,82.192807
Bamuri Gajkaransingh,24.570614,82.205075
Bamuri Unmukt,24.567857,82.222611
Ladbad Khurd,24.565859,82.23282
Dhekau,24.559237,82.344075
Bamuri Viran,24.562774,82.204055
Sattiha,24.562709,82.242293
Barbasa,24.557388,82.254329
Rampur,24.553656,82.214425
Sihawal,24.557669,82.230671
Rajgarh Unmukt Kothar,24.556396,82.172859
Hinauti,24.552567,82.182208
Rajgarh Kothar,24.553308,82.164108
Dhubbar,24.554149,82.242079
Saraiha,24.550905,82.233553
Mahuwar,24.552177,82.155407
Dhobauhi,24.54758,82.282367
Lauar Nankar,24.542926,82.326805
Atraila,24.545056,82.175241
Damgadi,24.548851,82.252686
Bichhari,24.541472,82.348065
Amirati,24.543841,82.153992
Khuteli,24.519993,82.281105
Jhariya,24.484607,82.199497
Nakjhar Khurd,24.527751,82.226851
Odra,24.529308,82.254976
Madariya,24.535694,82.296148
Ramnagar Kalan,24.533611,82.15615
Pamariya,24.534331,82.170128
Lauar Paipkhar,24.527083,82.329457
Ramnagar Khurd,24.522474,82.175202
Nakjhar Kalan,24.514337,82.198663
Pipra,24.515944,82.328731
Bari Kothar,24.510004,82.307275
Pokharidol,24.510942,82.213059
Kunjhun Kalan,24.505161,82.174216
Kuseda,24.498006,82.274156
Jhari,24.485368,82.17278
Tenduha,24.508086,82.256143
Bari Unmukt,24.505915,82.319167
Murtiha,24.504768,82.189463
Bamhana Sarai,24.498649,82.204079
Umariya,24.492283,82.161311
Barbandha,24.493265,82.221238
Deori,24.492245,82.186624
Badaila,24.480181,82.15492
Damgadi,24.5575,82.247096
Madaraha,24.559864,82.155689
Kyotili,24.550854,82.365911
Kajardah,24.552645,82.342351
Nebiha Bandh,24.541518,82.170349
Jhaparhawa,24.59668,82.350294
Sonbarsha,24.530743,82.362104
Bardi,24.540256,82.372327
Mudpela,24.527587,82.3787
Dhupkhari,24.517478,82.349958
Korsar,24.521181,82.366162
Padri,24.513017,82.374275
Amapadri,24.515306,82.362135
Korsar Kothar,24.50278,82.349203
Bargawan,24.500011,82.327911
Pipri,24.4894,82.358893
Naugai Parai,24.482652,82.301948
Dhani,24.483167,82.337514
Khairpur,24.571434,82.349035
Rajdaha,24.468891,82.383769
Sherwa,24.458184,82.45067
Amachua,24.460377,82.406144
Turra,24.454541,82.385742
Kudainiya Sherwa,24.457908,82.425364
Bilauha,24.453286,82.475361
Sakariya,24.437022,82.39881
Deori,24.429907,82.440202
Basauda,24.437461,82.471444
Dipwa,24.632728,82.445694
Darbari,24.423716,82.471584
Bardaha,24.413776,82.484008
Sundar,24.40639,82.413532
Sagnara,24.403975,82.499165
Semra,24.391412,82.436775
Karlo,24.392927,82.382705
Pidariya,24.382293,82.492391
Badhnai,24.371269,82.392995
Godawar,24.369192,82.452013
Geer,24.367813,82.425501
Dala,24.354515,82.503266
Rajasarai,24.350285,82.456928
Gadwani,24.352175,82.420907
Saraha,24.338247,82.406655
Pachuar,24.332359,82.48496
Judwar,24.327672,82.448042
Bodi,24.319509,82.408229
Lohara,24.317979,82.383461
Pokhara,24.300475,82.484626
Parihasi,24.308018,82.443955
Birchhi,24.304212,82.407072
Sarvo,24.305954,82.382635
Karri,24.288261,82.424261
Majhigawan,24.271713,82.463796
Gidher,24.26227,82.419712
Bachhnar Bagdara,24.684847,82.431317
Kalhawa Kathahawa,24.671636,82.451706
Khamhardih,24.658475,82.433832
Newari,24.658311,82.466457
Shivpurwa,24.641847,82.491074
Ledpurwa,24.640226,82.453765
Baheri,24.630899,82.425485
Kulakwar,24.636243,82.469525
Chhataini,24.621701,82.463962
Kamrauha,24.615327,82.493143
Khamhariya,24.593037,82.446978
Kuldiha,24.608398,82.42357
Nandmaniya,24.597253,82.464089
Karaundiya,24.594158,82.482446
Phulkesh,24.527112,82.485855
Kharkhauli,24.570891,82.476097
Piparkhad,24.564716,82.488311
Atraila Rajghat,24.563961,82.378886
Kuthuli,24.561307,82.402361
Balakhad,24.549979,82.429445
Bandhawa,24.549776,82.380113
Parsauna,24.549051,82.396303
Bhadahor,24.546258,82.408001
Niyas,24.542987,82.383763
Bichhi,24.545249,82.467787
Lilhara Bardi,24.535166,82.414549
Mudpeli Khurd,24.536545,82.39128
Khaira,24.528092,82.456795
Godaha,24.534233,82.478567
Dharauli Kalan,24.518965,82.431579
Dharauli Khurd,24.531681,82.431799
Mudpeli Kalan,24.525794,82.394501
Barhat,24.520546,82.402794
Gunawal,24.513359,82.386977
Vijaypur,24.506998,82.411834
Manikpur,24.506937,82.401917
Naudiya,24.513655,82.477094
Nandani,24.507772,82.430457
Odangi,24.506734,82.449223
Badkud,24.500003,82.486427
Deogaon,24.490791,82.454464
Pondi Badkud,24.50287,82.467219
Sonhara,24.502815,82.381262
Natwar,24.496414,82.414183
Piparwan,24.479972,82.49005
Sukahar,24.483019,82.44017
Tenduha,24.484598,82.465107
Rehada,24.486829,82.381798
Gadwani,24.482374,82.417445
Majhigawan,24.671809,82.479062
Rajghat,24.580908,82.394019
Deukhar,24.923605,81.323496
Kasiyari,24.923127,81.392448
Mauhariya,24.921255,81.374849
Deori,24.922985,81.45634
Gurguda,24.901398,81.29214
Katangi,24.919465,81.43776
Dandi,24.918914,81.407614
Chipura,24.829136,81.092342
Tejnaha,24.916689,81.47518
Keota,24.918766,81.424675
Patehara,24.90634,81.391564
Bhanigawan,24.89248,81.44672
Charparihanpurwa,24.9106,81.470495
Kaithi,24.912869,81.381413
Kolha,24.857935,81.27782
Rauli,24.905091,81.364837
Sigma,24.915069,81.431054
Barhatha,24.909885,81.439756
Baidanpurwa,24.912148,81.407474
Pathat,24.893755,81.351158
Look,24.894317,81.404126
Atthaisa,24.900921,81.3977
Bhadra,24.88438,81.336127
Gohata,24.893996,81.420308
Itama,24.879617,81.369243
Katai,24.881249,81.152845
Bamhaniajmer,24.874817,81.270327
Sirmaur,24.849315,81.358711
Bamhani Gariha,24.873157,81.21466
Kandehali,24.8741,81.195451
Dondi,24.880257,81.175057
Baraha Kalan,24.874878,81.16412
Bamhani Raghubar,24.868186,81.235584
Deogaon Khurd,24.876034,81.117922
Antari,24.871707,81.148698
Bhaluha,24.871492,81.139971
Hinauti,24.866213,81.182405
Baraha Khurd,24.867957,81.174454
Deogaon Kalan,24.865534,81.118547
Bhagada,24.863066,81.21186
Kitahana,24.849022,81.255988
Dhawaiya,24.866346,81.154578
Bamhauri,24.864479,81.224065
Kumhara Judwani,24.856319,81.135748
Ranehi,24.85787,81.187486
Geruhai,24.854263,81.167268
Salaiya,24.854874,81.112092
Deori,24.847867,81.179142
Duwari,24.853371,81.148215
Joginhai,24.860917,81.267564
Bhadariya,24.85555,81.223763
Jadua,24.854341,81.268175
Dulhara,24.835666,81.41505
Baghmara,24.851138,81.19114
Chitti,24.842312,81.13164
Dogaraiha,24.850081,81.210282
Chaura,24.843403,81.11351
Pachauha,24.907836,81.042119
Putariha,24.847801,81.158921
Gahilwar Kalan,24.848177,81.1971
Kohara,24.840066,81.393021
Dadha,24.84564,81.208232
Kharsan,24.839874,81.123791
Behana,24.84622,81.151372
Girbain,24.838696,81.163682
Dulahinia,24.839909,81.227641
Mahuakud,24.843258,81.102027
Keoti,24.832414,81.461482
Madarha,24.841557,81.195879
Umariha,24.839895,81.205162
Girgo,24.837981,81.149414
Dhira,24.838573,81.145981
Surwar,24.835684,81.404519
Kurauliha,24.833559,81.20977
Gadari,24.83355,81.187605
Gadara,24.834554,81.10051
Purwa,24.813292,81.28533
Umariha,24.829745,81.179793
Sendur Gaur Khurd,24.831296,81.142126
Sendur Gaur Kalan,24.828174,81.133858
Tikatiha,24.830417,81.152884
Kethar,24.826932,81.124011
Ragauli,24.824592,81.229109
Kolha,24.828419,81.399325
Bara,24.818762,81.096709
Karariya,24.82063,81.393984
Padariya,24.819424,81.196205
Geruar,24.823749,81.077902
Busaul,24.823041,81.210804
Rajgarh,24.81953,81.41451
Chamariya,24.817532,81.124302
Hardiha,24.823635,81.144924
Sapaha,24.82329,81.150643
Bharuhiya,24.820839,81.166176
Patharakher,24.816236,81.174809
Balahara,24.806808,81.44493
Kochari,24.811096,81.351337
Ghathat,24.805949,81.43385
Deori,24.815446,81.139
Jiwar,24.809856,81.181429
Sakarjima,24.816918,81.146593
Sadahana,24.810762,81.362957
Kulhi,24.812074,81.155082
Bhatigawan,24.810695,81.164182
Dubaha,24.809925,81.213487
Thanwariya,24.803643,81.231163
Raipurwa,24.806886,81.102549
Chamhariya Chauben,24.800714,81.084375
Majhigawan,24.806296,81.114181
Khamhariya Newaji,24.804005,81.075138
Padari,24.801962,81.345251
Kamarahat,24.809417,81.384938
Jodhidandi,24.808133,81.136246
Chakadahi,24.809857,81.148626
Belhai,24.801569,81.172508
Baboopur,24.807588,81.124942
Kapuri,24.806989,81.479897
Sapaha,24.805173,81.412831
Chhotiharrai,24.80673,81.186676
Majhiyar,24.804435,81.197466
Belwa Sursari Singh,24.800736,81.387161
Ailha,24.798546,81.240812
Maraila,24.793638,81.319139
Agethiya,24.803407,81.061328
Jodhidandi,24.804447,81.145511
Dadh,24.804188,81.153108
Obara,24.79748,81.122294
Dadhiya,24.7984,81.140129
Kadauha,24.798213,81.215945
Piparachha,24.798735,81.058613
Lakhanpur,24.799849,81.160425
Hataha,24.795954,81.188923
Kachanar,24.797097,81.091841
Godaha,24.799417,81.149483
Akauni,24.797178,81.132741
Jhakhaura,24.784309,81.097657
Badi Harrai,24.792151,81.203123
Look,24.912442,81.424551
Baudaha,24.899586,81.172466
Rehi,24.900036,81.151715
Chandila,24.89746,81.203294
Look,24.905116,81.418533
Lohargawan,24.884652,81.133548
Hanumatchua,24.887696,81.182815
Dabrauhi,24.857232,81.299344
Kapariya,24.873716,81.129915
Jaraila,24.827097,81.171762
Kaithahai,24.823578,81.159338
Amaha,24.824313,81.113504
Semaria,24.785821,81.1524
Sagauna,24.795053,81.406245
Kaudihai,24.790846,81.05807
Bhedaraha,24.793539,81.36898
Bela,24.735515,81.213795
Khairhan,24.790481,81.381758
Belahi,24.789677,81.1087
Shahpur,24.779696,81.433702
Umari,24.779225,81.405229
Chachai,24.777522,81.298723
Hatari,24.789085,81.475425
Karmai,24.784563,81.220082
Kolwar,24.783152,81.073923
Sigai,24.788332,81.458756
Pipara,24.780599,81.109208
Hardua,24.774218,81.190418
Khaira,24.787988,81.357169
Semari,24.775781,81.115476
Piparaha,24.780325,81.452238
Badaraotiwariyan,24.782517,81.366417
Latiyar,24.78496,81.210746
Atraiya,24.78122,81.234501
Mau,24.781644,81.351375
Dihi,24.77989,81.334145
Bara,24.781236,81.464235
Kota,24.771761,81.175142
Pathari,24.755353,81.334841
Bhamra,24.759279,81.126659
Bhedaraha,24.777419,81.377342
Jarmai,24.772167,81.20876
Godaha,24.763,81.256488
Ataraila,24.774244,81.463885
Mauhara,24.768248,81.15989
Amanaudhiya,24.771714,81.354438
Gahanauwa,24.770694,81.367307
Mahari,24.769065,81.338536
Kumhara,24.761734,81.227328
Khaira,24.763135,81.454453
Khara,24.763504,81.214008
Sagra,24.768818,81.379442
Jamu,24.761481,81.431923
Palhan,24.755836,81.405454
Purwa,24.765057,81.47165
Dol,24.764936,81.346363
Rampurwa Baudihai,24.757596,81.277802
Badarao Gautaman,24.762047,81.360729
Baraha,24.763668,81.303662
Tata,24.760536,81.376072
Matima,24.756502,81.315301
Pali Gautaman,24.760465,81.417864
Nadajhar,24.75153,81.183745
Baraun,24.742603,81.294802
Raura,24.756985,81.469888
Bhatigawan,24.756416,81.389418
Kushwar,24.75153,81.153031
Jhalwar,24.743427,81.222175
Purwa,24.749397,81.348278
Dihiya,24.749774,81.360818
Hatawa,24.747748,81.433059
Pali Bhagwat Tola,24.754503,81.416044
Sansar Pur,24.748979,81.474838
Jokaha,24.748852,81.376548
Jhulna,24.903054,81.059689
Badagaon,24.745753,81.198407
Patehara,24.74622,81.16686
Phool,24.750581,81.462634
Paliabhiman Singh Tola,24.746314,81.41656
Delhi,24.737547,81.331213
Phool,24.744616,81.455642
Beeda,24.73559,81.25219
Pipari,24.742003,81.389019
Atraili,24.743977,81.270481
Baikunthpur,24.733626,81.406918
Sansar Pur,24.738889,81.475107
Belari Khurd,24.737125,81.141345
Belari Kalan,24.739186,81.13452
Tighara,24.738113,81.176991
Pharahad,24.73703,81.347011
Karari,24.73269,81.456178
Tilkhan,24.727002,81.374936
Babiya,24.729656,81.1493
Baghara,24.72334,81.199594
Doha,24.734377,81.443891
Kolahad,24.720322,81.22777
Rimari,24.731397,81.359228
Bagheriya,24.72828,81.160512
Saur,24.733697,81.429082
Amarkchha,24.73093,81.306685
Kachur,24.7305,81.469788
Kachhawara,24.732642,81.235456
Tendun,24.716085,81.399085
Andharkhoh,24.900727,81.048744
Lainbadhari,24.715244,81.182261
Nandani Pur,24.727011,81.225674
Pharahad,24.72721,81.343705
Bhagada,24.728256,81.238624
Dihawa,24.722047,81.321962
Saur,24.723977,81.43213
Patai,24.721624,81.466089
Bagadha Pidihan,24.714774,81.365189
Kharahari,24.714998,81.165421
Nakata,24.724874,81.330389
Hinauta,24.72103,81.351307
Mau,24.717091,81.26022
Patana,24.716659,81.300764
Sukwar,24.718331,81.276829
Patana,24.720499,81.455018
Shahapur,24.711417,81.244595
Nebuha,24.712001,81.425613
Patehara,24.708218,81.347783
Patana Kothar,24.71555,81.314524
Hinauta,24.716125,81.355887
Bhelaudi,24.712571,81.225281
Hardi Khurd,24.70282,81.44055
Gabhuani,24.707927,81.337806
Gabhuani,24.712478,81.358688
Budhagawan,24.711774,81.460611
Baghera,24.703961,81.454296
Podi,24.708652,81.21253
Bhaluha,24.708472,81.287523
Bagdha Dubey,24.704109,81.328994
Guhiya,24.707655,81.371471
Hardibandh,24.709848,81.437956
Barha,24.705643,81.309893
Gabhuani,24.707272,81.360416
Moharawa,24.702283,81.278142
Barwah,24.706443,81.261184
Mado,24.703554,81.398144
Chhirahata,24.784437,81.066266
Danditola,24.861268,81.231645
Madaba,24.857996,81.158799
Baraha Mudwar,24.863201,81.166983
Kharauli,24.811838,81.372111
Pati,24.904415,81.094656
Ormani,24.89537,81.112645
Pratappur,24.893075,81.080974
Bijahari,24.89002,81.036005
Mauhariya,24.891251,81.06422
Basahara,24.890488,81.048116
Budha,24.885624,81.094271
Majhiyar,24.881845,81.036759
Devgaon,24.879185,81.04808
Tikar,24.876674,81.083636
Jhala,24.878664,81.100764
Jamuwani,24.876881,81.0675
Kudaraha,24.868908,81.076857
Shukwah,24.873289,81.04465
Khadbari,24.868989,81.067837
Badkan,24.860402,81.095268
Bhathdandi,24.866425,81.054067
Agra,24.865755,81.04143
Barha,24.862351,81.036179
Batahra,24.910478,81.076004
Majhigawan,24.858376,81.050217
Vijaipur,24.856509,81.068937
Sirbari,24.853558,81.079043
Bitma,24.847384,81.06022
Karaundi Kalan Kothar,24.84684,81.04721
Hardi,24.840364,81.082801
Chhapar,24.919629,81.09045
Matiyar,24.881416,81.055705
Karaundi Khurd,24.836341,81.066481
Hariharpur,24.819042,81.05616
Nakehli,24.81011,81.032467
Paduhar,24.807667,81.046076
Khadauri Khurd,24.800567,81.04078
Pipari,24.848066,81.032865
Rimari,24.784836,81.048205
Sonwarsa,24.78509,81.088146
Karkoti,24.780283,81.081097
Patana Khurd,24.768004,81.034906
Chitgarh,24.767834,81.076404
Haliya Khurd,24.841133,81.037122
Nimaha,24.768639,81.05275
Semari,24.764179,81.090778
Bihara,24.735122,81.057563
Deora,24.748536,81.092712
Karhi Kalan,24.751727,81.042371
Udaka,24.754424,81.0335
Karhi Khurd,24.747536,81.048814
Mahdewa,24.738926,81.107936
Bara,24.735351,81.118279
Tikuri,24.735016,81.078915
Laulachh,24.717753,81.087395
Golhata,24.708521,81.130995
Magarwar,24.722302,81.067856
Deori,24.72249,81.133879
Thathaura,24.713188,81.113729
Piprachha,24.70924,81.102425
Bhatigawan,24.713574,81.070906
Rajarwar,24.704759,81.042355
Dhondhi,24.710172,81.063332
Khamha,24.703752,81.07178
Amchuwa,24.873049,81.035871
Haliya Mahesh,24.832019,81.03532
Karhi Tukda,24.734772,81.041725
Karaundi Kalan,24.837287,81.050899
Pathrauda,24.833464,81.061416
Kandaila Khurd,24.86439,81.059504
Barau,24.884488,81.067352
Patna Kalan,24.786558,81.036146
Umarhan,24.869209,81.049729
Halawan,24.852416,81.040074
Belha,24.856636,81.055744
Bande,25.104028,81.255813
Gurdari,24.996741,81.247452
Magdaur,25.143364,81.354925
Salaiya Khurd,25.056511,81.4576
Kakredi,24.921585,81.241055
Mainaha,24.93042,81.180691
Bahilpurwa,25.0332,81.35734
Rasoiya,24.931226,81.039209
Kolkariya,24.932609,81.072654
Majhiyari,25.142022,81.300439
Dabhaura,25.120138,81.286245
Chungi,25.130515,81.372936
Ghuman,25.104388,81.37597
Deopuja,25.119851,81.33479
Dhurkuchh,25.097742,81.336564
Pati,25.056581,81.406228
Khadhu,25.117955,81.426198
Bichhihar,25.111537,81.346779
Chhamuha,25.099898,81.27314
Tilau,25.1056,81.404653
Jirauha,25.060312,81.333737
Rimari,25.083989,81.418424
Manikadarh,25.081862,81.350418
Kota,25.079478,81.333702
Khajha,25.064351,81.429057
Khara,25.076522,81.452032
Birpur,25.072361,81.38487
Latiyar,25.033533,81.366893
Lafda,25.07144,81.278474
Gumari,25.062523,81.31404
Nonari,25.065218,81.297635
Sohawalkalan,25.065464,81.367103
Salaiya Khurd,25.065511,81.467391
Geduraha,25.066042,81.324105
Bhatimojra,25.054979,81.47061
Sohawalkhurd,25.055226,81.35022
Darraha,25.053205,81.383165
Jatari,25.047773,81.277032
Madari,25.044562,81.364783
Badachh,25.034169,81.434195
Tikari,25.045933,81.308332
Rangpatera,25.043805,81.468332
Hanumangarhi,25.024097,81.392132
Kotwa Kamodsingh,25.043173,81.298363
Lohrauhi,25.04297,81.395257
Salaiya Kalan,25.043256,81.453927
Panwar Khurd,25.041844,81.340742
Champagarh,25.028994,81.41261
Loni,25.041647,81.315936
Khaira,25.03614,81.387539
Loni,25.035252,81.321997
Bareti Kalan,25.016295,81.453369
Lohgarh,25.0252,81.27487
Ansara,25.027504,81.3327
Panwar Kalan,25.034261,81.34747
Kotwa Govindsingh,25.034728,81.31084
Paltanpur,25.030778,81.299755
Baretikhurd,25.031495,81.464349
Nastgawan,25.026698,81.378398
Chateh,25.020186,81.472534
Kotwa Khas,25.025621,81.320998
Dondar,25.030204,81.289493
Pathripurwa,25.023457,81.439798
Raghunathpur,25.02145,81.313521
Benidih,25.024015,81.347054
Patiyari,25.024626,81.361841
Bausadwa,25.025276,81.292633
Chaur,25.016731,81.400919
Turka,25.018207,81.466013
Kanti,25.015782,81.378052
Bausad,25.004769,81.292668
Deori,25.017748,81.391634
Raikwara,25.015845,81.421417
Uparwar,25.013589,81.356909
Pipariya,25.013805,81.412712
Chhataini,25.0086,81.326398
Hardoli,24.985441,81.290547
Hadhai,25.005195,81.3085
Kalyanpur,25.0087,81.35137
Gurh,25.00445,81.340532
Deori,25.008619,81.388705
Shivpur,25.008359,81.408696
Kalyanpur,25.001583,81.360005
Pateri,25.007487,81.43189
Kanti,25.008032,81.379947
Deori,25.000961,81.40763
Kanchanpur,24.99621,81.38803
Andawa,25.003072,81.436147
Kanchanpur,24.997799,81.375514
Gahilwar,24.992994,81.320728
Khamhariya,24.99692,81.438517
Kolaha,24.997836,81.352192
Chaukhandi,24.988676,81.404011
Ovari,24.95884,81.270249
Andawa,24.993969,81.446688
Bamari,24.996283,81.473815
Sigatipurwa,24.995647,81.460025
Majan,24.995865,81.429024
Kushaha,24.992926,81.346586
Bandarkol,24.991334,81.423751
Jodawarpur,24.976628,81.365872
Barhulagijatar,24.990615,81.379218
Bhusunu,24.99,81.477902
Usaki,24.987737,81.451182
Dihiya,24.991216,81.471774
Bhamarkachchh,25.008628,81.421176
Dadar,24.990312,81.461475
Jalaiya,24.985597,81.429225
Derwa,24.985811,81.439242
Barhulanivihanpurwa,24.98854,81.371463
Sehuda,24.991794,81.356767
Khamhariya,24.984852,81.345276
Khoha,24.982744,81.414805
Dungi,24.983712,81.385099
Gauhana,24.984482,81.46387
Itaura,24.982533,81.474098
Panti,24.973159,81.374458
Sehuda,24.981743,81.353876
Bawandhar,24.981363,81.454049
Kirhai,24.974729,81.438643
Konikalan,24.960628,81.307087
Kuthila,24.976396,81.414218
Sehuda,24.975604,81.350609
Purwajokhuram,24.97495,81.423012
Garhawa,24.970874,81.452923
Luchki,24.973734,81.463847
Teduni,24.97489,81.401392
Jahdar,24.970584,81.403919
Mahilo,24.973188,81.473205
Harduha,24.96845,81.414852
Basrehi,24.965748,81.425539
Bhadarinmojra,24.967428,81.393311
Kirkil,24.968503,81.472935
Khaptiha,24.961172,81.466745
Pataiti,25.101902,81.317503
Mudpor,25.104115,81.340633
Bhainshati Kalan,25.087791,81.29316
Bhainshati Khurd,25.082996,81.300459
Bhamarkachchh,25.00083,81.428304
Kalyanpur,24.991712,81.33355
Bhadarinpurwa,24.986619,81.422221
Kushaha,24.979991,81.338396
Mahilo,24.976976,81.475836
Naubasta,24.96046,81.390685
Dagdaiya,24.96466,81.475733
Baraulipanden,24.96136,81.451452
Gobara,24.961971,81.43511
Kachhigawan,24.961602,81.412295
Atraila,24.957449,81.38311
Punchhi,24.957799,81.36822
Maharajpurwa,24.958582,81.40156
Bhitari,24.956695,81.431285
Ojhapurwa,24.955742,81.413376
Chaknandibhauji,24.955058,81.444445
Gadha,24.950955,81.455094
Karwalpurwa,24.95016,81.401473
Dhakhara,24.952907,81.374187
Kotwa,24.948511,81.375634
Kharpata,24.949799,81.433143
Mohanpur,24.948835,81.389805
Gadehra,24.942863,81.329824
Pariharinpurwa,24.946895,81.411986
Purwa,24.946166,81.443767
Nagma,24.934252,81.475508
Karroh,24.946973,81.422294
Khatika,24.941206,81.467093
Deolihanpurwa,24.942037,81.436368
Manipur,24.942721,81.395571
Bhatigawan,24.940285,81.426888
Gadha,24.935148,81.448606
Hardahan,24.939318,81.38528
Barauha Kyota,24.933186,81.39549
Jonha,24.931297,81.407001
Puranikpurwa,24.928658,81.383344
Gohata,24.926605,81.429036
Gohata,24.927912,81.418477
Naua,24.962622,81.354044
Chakdagdaiya,24.955428,81.474164
Dhakhara,24.943947,81.379808
Chaubenpurwa,24.94246,81.404909
Bamhana,24.964803,81.401944
Sehuda,24.970564,81.354082
Ramgarhwa,24.965693,81.365891
Bhitauha,24.974865,81.393087
Gagahana,24.974673,81.385984
Lawarpurwa,24.969204,81.385853
Baisanpurwa,24.97899,81.377631
Kitaha,24.988003,81.360853
Barhulasigotola,24.982575,81.371111
Bandhaikipati,24.98292,81.364233
Tikaitanpurwa,24.972184,81.364655
Patihanpurwa,24.97687,81.358847
Jodawarpur,24.971876,81.359238
Patisarnamsingh,24.967182,81.37838
Janakhai Kalan,24.90508,81.522587
Gohat,24.922425,81.484872
Deur,24.916623,81.655105
Ghuma,24.910953,81.678048
Barhat,24.904855,81.628124
Janakhai Khurd,24.916235,81.504695
Gangtira,24.890142,81.684377
Sarra,24.898737,81.658366
Gadahi,24.890019,81.594228
Paipkhara,24.896518,81.700305
Khujh,24.891004,81.697579
Kankar,24.885173,81.641643
Kalwari,24.873872,81.66089
Lohara,24.879863,81.614708
Gadihapar,24.882897,81.703852
Karahiya,24.881386,81.627528
Gangi,24.885279,81.69459
Pangadi Khurd,24.872107,81.548527
Gangi,24.88076,81.6927
Sedaha,24.875904,81.587473
Jamai Kalan,24.870455,81.641056
Hinauti,24.872934,81.59764
Parsadha,24.874617,81.69775
Pangadi Kalan,24.85048,81.58191
Dadh,24.870086,81.628914
Pahilpar,24.867818,81.69603
Bhamariya,24.868884,81.606408
Newariya,24.867051,81.618363
Kyota,24.867008,81.591145
Rojhauhi,24.867747,81.500006
Bhadawal,24.859695,81.690196
Badokhar,24.86321,81.609265
Ataraila,24.857135,81.546632
Bamhani,24.86446,81.598108
Bhaukhari Kalan,24.851164,81.527851
Lalwari,24.856718,81.66969
Dubgawan,24.860624,81.630502
Lotani,24.862779,81.589069
Jamaikhurd,24.85507,81.646874
Sarai Unmulan,24.854557,81.511353
Kathmana,24.85764,81.581989
Kaitha,24.852049,81.519532
Chiyar,24.85834,81.600571
Dhauwana,24.856011,81.616768
Turka,24.853751,81.538574
Banpatai,24.852632,81.558333
Bhitwa,24.849618,81.694327
Soharwa,24.850395,81.626625
Badiaur,24.850921,81.60785
Gadhawaramdeosingh,24.84359,81.680143
Bhaukhari Khurd,24.842533,81.537274
Kaitha,24.844773,81.630201
Chhatragarh Kalan,24.844277,81.668127
Bans,24.835168,81.587807
Misira,24.8423,81.615114
Amiliya,24.83977,81.648086
Kasiyargaon,24.835876,81.703507
Sarai Kothar,24.842,81.507037
Patai,24.839196,81.560752
Kolaha,24.837259,81.54932
Itaha,24.836747,81.632281
Tikurdasi,24.837198,81.693512
Rehadi,24.828289,81.491895
Ghoraha,24.702589,81.570822
Madhi,24.832902,81.660674
Lalgaon,24.817493,81.524039
Bhathawa,24.833863,81.568119
Padua,24.828624,81.61337
Kolahai,24.822275,81.506668
Chhatragarh,24.834239,81.67467
Dubaha,24.82923,81.694125
Nivi,24.704714,81.627933
Agdal,24.828386,81.64578
Akalsi,24.827208,81.632455
Bantar,24.827348,81.602269
Siswa,24.822918,81.546701
Gadhawalakhankherihan,24.826787,81.66895
Rimaribaban,24.816705,81.66079
Mal,24.820915,81.597782
Mudila,24.823886,81.661971
Baherakhuman,24.821767,81.683833
Dasapurwa,24.825114,81.558654
Sigti Khurd,24.82279,81.693676
Dadar Kala,24.819906,81.490801
Gadhawaramdutt,24.821901,81.66813
Bagahiya,24.81733,81.500079
Lauri,24.81023,81.618525
Katan,24.820893,81.558985
Budhawa Mamla,24.820436,81.674131
Lauri,24.816114,81.635312
Gambhirpur,24.819028,81.644936
Sigti Kalan,24.817718,81.690906
Tehara,24.815728,81.555121
Majanraksa,24.812612,81.592375
Sigti Nankar,24.814794,81.686419
Dagdagpur,24.81145,81.544332
Madari,24.810125,81.562673
Rimari Varaiyan,24.809925,81.658101
Garh,24.80559,81.646896
Purwa Unmulan,24.812455,81.573044
Hardiha,24.80787,81.674025
Sigti Baman,24.811534,81.695441
Dadar Khurd,24.809279,81.489558
Sohai,24.809362,81.684253
Pipari,24.809312,81.554426
Chauri,24.803546,81.499663
Hardiha,24.807739,81.69367
Belakamod,24.805767,81.702293
Bagahiya,24.807575,81.569702
Lauri,24.799354,81.62943
Deohata,24.800247,81.548826
Barrehi,24.802929,81.539942
Dagardua,24.806384,81.588271
Hirudih,24.801589,81.57063
Rangarh,24.802349,81.590136
Khamhariya,24.800639,81.508596
Sigti,24.80191,81.599063
Hardiha,24.8026,81.682594
Sohai Kamat,24.803228,81.689836
Kanatori,24.800407,81.484847
Gahira,24.799234,81.667276
Misira,24.79964,81.695752
Madapha Paipkhar,24.799831,81.562513
Beladilasua Kothar,24.797484,81.703284
Bhothi,24.794982,81.600295
Tedun,24.910558,81.570841
Baghabil,24.883135,81.567337
Sanaga,24.867396,81.524444
Jagpurwa,24.826852,81.570234
Lokcha,24.83163,81.686593
Chhatragarh,24.826739,81.677075
Rampur,24.815884,81.67093
Babupur,24.796634,81.609846
Siraiya,24.79433,81.617344
Hardi,24.794093,81.534024
Jarha Kothar,24.794767,81.575482
Dihiya,24.701347,81.70192
Bairiha,24.795959,81.689814
Dagardua,24.79565,81.592807
Dihikothar,24.791663,81.655406
Pachokhar,24.79156,81.564594
Dharabibha,24.793845,81.639385
Mala,24.788394,81.487576
Jodauri,24.7912,81.515527
Bhamariya,24.789247,81.498839
Paikangaon,24.789434,81.664327
Lachhimanpur,24.790962,81.697329
Dhadhar,24.79064,81.60604
Koti,24.790024,81.58904
Sorahiya,24.789944,81.543008
Lahuriya Parasi,24.783212,81.640155
Belahai,24.787479,81.609984
Tendua Unmulan,24.785172,81.634844
Itaura,24.783123,81.69974
Purwa Kothar,24.78627,81.557002
Amaha,24.784072,81.581345
Tendua Kothar,24.785192,81.623763
Tedhtal,24.77856,81.649857
Mauhariya Kothar,24.778162,81.527654
Prabhatipurwa,24.781582,81.570513
Kolaha,24.781075,81.604712
Dewas,24.773631,81.483199
Chorawa,24.783877,81.680042
Nivi,24.781645,81.687954
Kanchanpur,24.779111,81.671594
Chhivalaha,24.77893,81.589041
Mauhariya Kothar,24.776255,81.533036
Kharahari,24.780412,81.511057
Khairhai,24.780917,81.665751
Deori Narji,24.780969,81.660285
Dunda,24.778383,81.624442
Ithai,24.775731,81.612657
Majhiyar,24.777065,81.557332
Bahiwar,24.775749,81.50266
Kharra,24.77518,81.681261
Basigawan,24.775719,81.516032
Akauri Kothari,24.769714,81.53713
Majhigawan,24.775059,81.697534
Lendua,24.770561,81.663613
Parasi,24.767834,81.634362
Akouri U Kothar,24.766693,81.545378
Busaul,24.768252,81.598247
Paharakha,24.767862,81.58155
Bahera Unmulan,24.770838,81.623351
Balai Tola,24.749732,81.588369
Podi,24.762018,81.501965
Belaha,24.766916,81.699326
Pokhaiwala,24.767307,81.690947
Dihiya,24.767259,81.553203
Nauwa,24.769125,81.652645
Dihiya,24.773191,81.56713
Sujipurwa,24.766558,81.563007
Madha,24.764435,81.615639
Ghuchiyari,24.750753,81.639587
Mankahari,24.759789,81.650384
Karah,24.761345,81.562691
Bela,24.756703,81.597963
Badauwa,24.759571,81.703235
Teliya,24.760469,81.587448
Hardiha,24.753514,81.683761
Majhapatiya,24.757392,81.548832
Hadiya,24.751816,81.696979
Chhadanhai,24.755294,81.665828
Tikuri,24.755777,81.616571
Madpha,24.755449,81.562125
Unchatola,24.755327,81.574728
Raura,24.750979,81.488888
Badauwa,24.754545,81.704907
Ataraila,24.751772,81.502995
Rampurwa,24.746954,81.528553
Pokhadaur Khurd,24.751308,81.550191
Misrauliyan,24.748276,81.652842
Jhunsi,24.746784,81.66623
Rajaha,24.751618,81.539916
Basauli,24.74792,81.62159
Judmaniya Mu Majan,24.745787,81.692873
Dhamaka,24.749315,81.556782
Saman,24.748564,81.611058
Teliya,24.74999,81.579995
Sujwar,24.745763,81.511045
Madna,24.743232,81.674873
Ghopi,24.743863,81.569414
Sar,24.74364,81.589712
Takhat Tola,24.742947,81.498996
Sonvarsha,24.742574,81.685468
Bahera Sengran,24.740368,81.632286
Pokhadaur,24.741538,81.550786
Gudhawa,24.735167,81.516045
Adhiha,24.743025,81.608542
Basauli,24.735458,81.614074
Raghana,24.741423,81.659022
Majan Mu Judmaniya,24.73703,81.694724
Meharwanganj,24.735555,81.54992
Adhiha,24.738234,81.606699
Mair Mu Bhatigawan,24.735079,81.702142
Nivi Shivratan,24.735624,81.656291
Sar,24.736622,81.586134
Mohaniya,24.734908,81.573919
Dewara,24.730694,81.497105
Fulaha,24.731334,81.66619
Bharigawan,24.734826,81.680579
Gangeo,24.733221,81.59218
Hinauta,24.733254,81.531109
Kuwaranwalibandh,24.730042,81.689439
Kataha,24.730875,81.558388
Bahera Lakhan Khorihan,24.731137,81.629996
Haslo,24.72956,81.699171
Joraut,24.723155,81.538736
Purwa,24.73213,81.601657
Nivi Geruari,24.729502,81.653286
Bahera,24.728636,81.676109
Basauli,24.727637,81.612636
Geruari Bhushan Singh,24.729747,81.642813
Gangeo,24.728683,81.579953
Baghela,24.727413,81.519907
Purwa,24.726837,81.602549
Jogiya,24.722665,81.671653
Mahamudpur,24.716102,81.487262
Mathapaden,24.724371,81.587693
Dhodhi,24.792089,81.508613
Majhiyar,24.79043,81.52538
Sadawa,24.781791,81.521162
Bilara,24.784212,81.506023
Arjuna,24.784627,81.540955
Majhiyar,24.780691,81.552417
Haslo,24.723388,81.701449
Purwa,24.728564,81.597118
Majhigawan,24.724698,81.570172
Atra,24.724406,81.682247
Geruari Pande,24.725911,81.642601
Sirsa,24.720779,81.556574
Umariya Chauban,24.720732,81.651698
Shivrajpur,24.721675,81.526751
Geruari Sengran,24.72222,81.64037
Mairha,24.721338,81.691005
Dubahai Kalan,24.719385,81.514409
Umariya Lakhankhorihan,24.71944,81.659989
Nivi Rajasingh,24.719622,81.621619
Purwa,24.72135,81.60174
Nivi Byohariyn,24.710914,81.61223
Majhigawan,24.721444,81.580825
Jhunsi,24.718788,81.679456
Kharahana,24.716454,81.591252
Geruari Bhohariyan,24.717537,81.641067
Purwa,24.715462,81.599745
Majhigawan,24.716039,81.580826
Khirki,24.713919,81.624672
Fauda,24.711475,81.686746
Jhunsi,24.713346,81.675965
Nautiya,24.713986,81.564781
Jageti Purwa,24.711853,81.540945
Baseda,24.708303,81.549788
Hinauta,24.709019,81.527776
Geruari Lakhankhorihan,24.712608,81.639376
Dubahai Khurd,24.711217,81.518785
Minaha,24.711033,81.631305
Umariya Byohariyan,24.712436,81.647512
Jodhpur,24.706746,81.654139
Saheba,24.703952,81.507727
Matha Segaran,24.70978,81.574101
Barroha,24.708126,81.581432
Niwikurmiyan,24.70943,81.617467
Madhi Khurd,24.706095,81.59518
Dadh,24.707871,81.635514
Mairha,24.708034,81.680422
Nivi Lakhankhorihan,24.70778,81.605856
Atraila,24.708926,81.563344
Nivi Bhaibant,24.708111,81.624118
Mankua,24.700918,81.642044
Rampur,24.700005,81.556611
Itahakalan,24.701209,81.672254
Niwi Munjapta,24.702937,81.619217
Kalra,24.703875,81.684604
Godari,24.700556,81.536037
Gangeo,24.727816,81.590455
Purwa,24.723655,81.594299
Majhigawan,24.724811,81.57901
Nivi Chanduram,24.719376,81.631368
Majhigawan,24.717735,81.569984
Lodhama,24.71668,81.699571
Tiwarigawan,24.705766,81.69354
Itaha Gahanauwa,24.710452,81.668278
Lalpurwa,24.711579,81.698682
Katra,24.891708,81.669486
Kaitha,24.758111,81.535481
Belwa Kurmiyan,24.758211,81.518192
Belwa Badgaiyan,24.767154,81.519704
Badokhar,24.770068,81.50093
Basoli,24.740198,81.618799
Vidhya Nagar,24.755194,81.584424
Jarha Unmulan,24.795048,81.584693
Sagrabandh,24.872531,81.708062
Bahar,24.758514,81.678362
Dilha,24.760815,81.689635
Kharra,24.775556,81.674795
Nivi,24.777999,81.678274
Kharra,24.762623,81.669945
Kharra,24.765345,81.677715
Kharra,24.772026,81.675832
Nivi,24.779209,81.682023
Kharra,24.768745,81.671012
Nivi,24.777677,81.680443
Kharra,24.775428,81.677943
Kharra,24.765687,81.680611
Nivi,24.772454,81.688994
Kharra,24.768487,81.67785
Nivi,24.7776,81.683762
Kharra,24.775179,81.684278
Kharra,24.772056,81.682418
Godari,24.792638,81.553486
Rojwah,24.74706,81.599935
Baghela,24.73676,81.600263
Pamar,24.741693,81.600012
Mahuha Mu Khairhai,24.7652,81.685973
Rajaha,24.921198,81.844165
Bhitari,24.92098,81.787791
Majhiyar,24.916203,81.798488
Bajra Nastgawan,24.920528,81.874487
Darimanpurwa,24.922936,81.859636
Hakariya,24.912957,81.7288
Gadaraha,24.921519,81.907323
Duari,24.912027,81.774663
Kot,24.894871,81.737354
Khunthi,24.916027,81.816302
Raipur,24.901629,81.843433
Parsadha Kalan,24.916163,81.85163
Umariya,24.909697,81.807863
Bahraicha,24.918677,81.911659
Jaikara,24.909356,81.70865
Mahewa,24.879967,81.776495
Reuhi,24.913553,81.911592
Gadarpurwa,24.911951,81.885456
Sonauri,24.905433,81.86658
Jodhpur,24.895111,81.712781
Sonauri Baghedi,24.889113,81.868315
Raipurjangal,24.883782,81.809965
Naudhiya,24.886316,81.896491
Tikat,24.891429,81.706623
Hakariya,24.880548,81.712236
Chaura,24.873969,81.897105
Patharhiya,24.876608,81.872732
Kushaha,24.875842,81.73068
Dhakhara,24.862479,81.86236
Mahugaon,24.869593,81.922141
Bhir,24.867834,81.747906
Uncha,24.873996,81.715494
Shankarpur,24.860551,81.811396
Itarangaon,24.868462,81.726246
Kakarha,24.850992,81.920886
Amiliya,24.867206,81.715708
Padengaon,24.866469,81.733993
Bari Khurd,24.865884,81.886612
Akouri,24.846647,81.762274
Dhakhara,24.834964,81.87096
Bari Kalan,24.860827,81.897353
Nakata,24.861287,81.722374
Sonwarsha,24.862477,81.709657
Tarimajara,24.860514,81.758781
Rojhaunh,24.854574,81.741468
Barijangal,24.850525,81.884854
Dharamnagari,24.85696,81.726715
Mauhariya,24.854866,81.70972
Rampur,24.836942,81.770272
Chakurdan,24.847083,81.8992
Majhigawan,24.849077,81.730739
Dubi,24.839859,81.786991
Misira Kothar,24.851142,81.716778
Misirapawai,24.848741,81.725082
Sengarwar Hajariram,24.847132,81.711925
Shivrajpur,24.819427,81.795592
Jarkatiarammuram,24.840694,81.711855
Tarikhas,24.842871,81.743839
Sengarwarkurmiyan,24.838565,81.724367
Kakarha,24.832438,81.912565
Madsadhangaon,24.838072,81.740911
Kathar,24.826584,81.890414
Dabhi,24.81397,81.81609
Tendua,24.832164,81.734011
Jarkatiramsaran,24.833397,81.71791
Shahpur,24.820707,81.778205
Kathmaliya,24.828751,81.715488
Parasiya Pahad,24.823644,81.78903
Pipara,24.820892,81.746018
Bandhawakothar,24.816493,81.709585
Chhadana Kalan,24.817489,81.909987
Chhiwalaha,24.826034,81.722503
Ghoraha,24.812755,81.926253
Deorihangaon,24.824131,81.730717
Amallakpur,24.814698,81.91752
Chhataini,24.808924,81.866555
Rajaha,24.820681,81.766791
Bandhawabhaibant,24.813613,81.726152
Rehada,24.814025,81.893959
Dubaha,24.811534,81.756904
Tendua,24.811976,81.781383
Jamuhara,24.80954,81.736155
Parasiya Mudahan,24.809608,81.774703
Barroha,24.80545,81.744516
Parasiyabrahman,24.805769,81.765063
Panigawan,24.806246,81.760312
Latiyar,24.800028,81.920554
Budha,24.804623,81.778603
Chhadana Khurd,24.803377,81.914187
Deori,24.801421,81.901825
Panigawan Kurmiyan,24.801662,81.76938
Khanch,24.802351,81.70874
Gada,24.788178,81.903443
Bhainsahai,24.790844,81.849086
Chhidana,24.80263,81.723864
Deoribaghelan,24.800375,81.729186
Langarpurwa,24.798181,81.748968
Chakraipur,24.872936,81.844661
Chhuhiya,24.797675,81.774066
Ambi Prabhunath,24.800088,81.716519
Beohariya,24.796755,81.797156
Ganigawan,24.790699,81.92681
Bedauliha,24.906238,81.897223
Mauhariya,24.918935,81.888123
Parsadha Khurd,24.912323,81.8329
Thakurainpurwa,24.88115,81.846052
Sidhisayar,24.821415,81.902745
Sayar Pahadi,24.802901,81.888366
Ambi Nityanand,24.796202,81.709587
Deorisengar,24.794841,81.732708
Ambi Murli,24.79575,81.717153
Nai Garhi,24.778811,81.768189
Mahauta,24.774232,81.88235
Basigada,24.789691,81.8803
Ambi Sumant,24.792327,81.720605
Atraila Khurd,24.793145,81.868255
Dihiya,24.787016,81.792617
Ramnagar,24.790174,81.71144
Marjadpur,24.786822,81.919667
Baruakatka,24.790102,81.863036
Tituri,24.785673,81.807121
Shukuli,24.790589,81.746384
Ghoraha,24.788228,81.736384
Atraila Kalan,24.787692,81.870842
Tadaurabrahaman,24.783037,81.741765
Baraha,24.785524,81.708533
Semriha,24.78244,81.86677
Harditiwariyan,24.780105,81.749171
Bahera Nankar,24.783245,81.73095
Dubgawan,24.779686,81.704684
Tadaura Kurmiyan,24.778792,81.756498
Chorgawan,24.77524,81.918497
Bhamara,24.769292,81.896355
Itahai Nirmohisingh,24.775952,81.722373
Itahai Dharamrajsingh,24.777425,81.732361
Patharkhohara,24.775121,81.867607
Atraila,24.758565,81.810259
Chikirakatola Khurd,24.774833,81.80198
Patharauda Kalan,24.773667,81.808574
Sumeda Khurd,24.775752,81.795393
Jattha,24.773935,81.855814
Dubgawan,24.773906,81.706371
Dadi Khurd,24.773211,81.728117
Itahai Gajadhar,24.774046,81.715259
Surhuriya Kalan,24.770639,81.820741
Chandeh,24.772492,81.738481
Karkachaha,24.764469,81.858556
Tatihara Khurd,24.773047,81.78407
Banpara,24.769335,81.711527
Dadi,24.768352,81.794156
Devipur,24.768047,81.810668
Chakraha Tola,24.768217,81.784103
Madhwa Kalan,24.766075,81.778286
Chilla,24.766526,81.740542
Dadi Kalan,24.766001,81.725789
Rajadhau,24.761567,81.929187
Bhagdewa,24.761381,81.917327
Fatua,24.764675,81.78876
Shah,24.765064,81.718298
Telaiya,24.764143,81.709582
Kolaha,24.762465,81.730018
Duda Chamadiya,24.763139,81.748225
Sumeda Kalan,24.762394,81.822888
Gadara,24.758695,81.875378
Karah,24.747733,81.858347
Niviha,24.76154,81.736092
Patharaha,24.760385,81.723548
Pakara,24.75923,81.771694
Barha Khurd,24.787015,81.723795
Belaha Nankar,24.757939,81.713749
Dhodh Usra,24.756317,81.737208
Puraini,24.757629,81.75349
Misira,24.757246,81.794182
Jilhadi,24.755753,81.800988
Shukulgawan,24.754843,81.902579
Naraini,24.749568,81.77692
Ahirgawan,24.756418,81.784678
Belaha Kothar,24.755427,81.721804
Pahadi,24.750209,81.888348
Bahati,24.753668,81.819665
Madau,24.748913,81.835484
Dodo Chamadiya,24.751241,81.743191
Barawn,24.738169,81.916034
Purwa,24.745391,81.760189
Ramnagari,24.750188,81.87844
Sukuli,24.751792,81.771353
Badigawan,24.750457,81.784842
Panigawan,24.750818,81.790756
Hinauti,24.745687,81.711878
Dihiya,24.74603,81.726634
Chaukheda Chamadiya,24.747149,81.749572
Sigai,24.748045,81.795664
Thurriha,24.743177,81.897141
Misirgawan,24.744472,81.819606
Kaichhua,24.735155,81.810911
Korigawan,24.738716,81.787403
Maganiya,24.740575,81.770181
Dubgawan,24.741885,81.800068
Khairhai,24.739236,81.742328
Dasauha,24.740119,81.841943
Hatwa Bhudhar,24.738346,81.834362
Amallakpur,24.739922,81.734854
Byohariya,24.735622,81.707697
Hatwasengar,24.733066,81.820845
Nakati,24.735116,81.886225
Kot Rambhajan,24.736127,81.857835
Chapgawan,24.731234,81.746899
Baijla,24.729338,81.771627
Joraut,24.716248,81.768363
Dihi,24.73237,81.754482
Alhauwa,24.727792,81.716842
Rajgat,24.732674,81.826358
Dasauha,24.732981,81.840111
Dubgawan,24.730106,81.894397
Kot Ramdas,24.732506,81.865441
Foolkaransingh,24.729469,81.85347
Dihiyanai,24.731553,81.87766
Kotaha Raghuwardayal,24.730597,81.871382
Amiriti,24.729902,81.835212
Mauliya,24.731769,81.792056
Bharigawan,24.724264,81.789923
Alhauwa,24.725519,81.729332
Kullu Mu Haslo Khurd,24.730784,81.735604
Kot Jagmohan,24.72915,81.862085
Atraila,24.726148,81.84614
Sipinhai,24.727551,81.826642
Haslo,24.72777,81.708548
Fool Bajransingh,24.725166,81.878567
Kadauha,24.725087,81.830904
Senua,24.721533,81.745401
Dihiyapurani,24.725393,81.87249
Hargadi,24.789778,81.730162
Baraundha,24.781228,81.716293
Patharauda Khurd,24.780502,81.832418
Surhuriya Khurd,24.773668,81.829157
Chandeh,24.7707,81.749133
Kalra,24.768885,81.733507
Khapatiha,24.769246,81.721745
Chikirakatola Kalan,24.763359,81.802532
Madhwa Khurd,24.760618,81.782702
Mauhari,24.760591,81.791083
Keota,24.75251,81.806644
Judmaniya,24.735007,81.731892
Kotaha Ramkirshana,24.728049,81.883782
Sipinhai,24.724691,81.84006
Bhuara,24.723605,81.85073
Khatkhari,24.722572,81.812755
Fool Furmansingh,24.721982,81.87225
Barawn Shuklon,24.719401,81.923265
Karhi,24.719037,81.800072
Dhadhila,24.714686,81.851295
Bhamara,24.718919,81.85028
Sedhi,24.716683,81.754217
Judmaniya,24.715616,81.734661
Chhiuriha,24.719146,81.840327
Kanjen,24.717527,81.915613
Fool Harchandsingh,24.718247,81.872222
Paharkha,24.712442,81.789551
Dadar,24.709481,81.908601
Chamarhar,24.714326,81.833861
Paipkhar,24.703566,81.875776
Katwariya,24.706603,81.89696
Chaukhada,24.714261,81.896263
Kawara,24.709215,81.80605
Dhakhara Kalan,24.715254,81.865288
Bichharahata,24.711337,81.926552
Dhakhara Khurd,24.713817,81.87111
Chamarhar,24.714728,81.841997
Barawnmahapatran,24.712366,81.891695
Balmukunda,24.711074,81.860969
Lalpurwa,24.712321,81.707017
Chamarhar,24.711731,81.820985
Khujhwa Sukhdeosingh,24.7066,81.755076
Atraila,24.711501,81.751038
Suarha,24.705124,81.746417
Chhataini,24.723381,81.861649
Judmaniya Raghunath,24.707268,81.727604
Chamarhar,24.708708,81.853709
Chamarhar,24.710538,81.837997
Khujhwa Vishwanath,24.707114,81.760603
Dadichhipiya,24.707665,81.846652
Khujhwa Khajuraha,24.703235,81.769881
Bannai,24.708482,81.706403
Kharika,24.704109,81.788112
Chhipiya,24.706343,81.86408
Nadaha Kalan,24.704919,81.858443
Uprehata,24.704554,81.71282
Belaha,24.701025,81.830007
Kon,24.70092,81.821291
Bhago,24.700434,81.736228
Kawara,24.701421,81.802476
Lalpurwa,24.71082,81.713203
Dhobiya,24.721964,81.897725
Sapinhai,24.721225,81.823242
Lalpurwa,24.717717,81.718077
Sapinhai,24.719166,81.831285
Hardauha,24.719107,81.88183
Badleha,24.716536,81.821482
Amiliha,24.716631,81.859127
Labedi,24.716449,81.81317
Chamarhar,24.715058,81.846428
Chamarhar,24.706917,81.823125
Chamarhar,24.708029,81.831144
Rambag,24.704971,81.838055
Thakurainpurwa,24.901994,81.822343
Phutaundha,25.141666,81.574174
Kathar,25.137125,81.554359
Atharaha,25.128618,81.531073
Suti,25.12815,81.574442
God Dhansing,25.11581,81.528268
Ghateha,25.121841,81.506283
Dhodhari,25.123936,81.595911
Khatkhari Kalan,25.125896,81.549933
Amaraha,25.118905,81.542792
Soharwe,25.114269,81.578934
Khatkhari Khurd,25.115151,81.564725
Gond Kalan,25.107241,81.541695
Kapdaura,25.102719,81.622449
Bilara,25.103631,81.55236
Garan,25.102905,81.562389
Chaukhada,25.092096,81.581008
Sarai,25.098768,81.601422
Gond Khurd,25.097174,81.532522
Khatilwar,25.092965,81.617153
Dodakiya,25.089824,81.563094
Barati,25.089694,81.554756
Mudphora,25.088039,81.54496
Phuldeur,25.081731,81.539432
Janeh,25.082676,81.606338
Vaidgawan,25.076653,81.561555
Purwa,25.079787,81.55019
Rampur,25.072023,81.511956
Tikuri,25.077924,81.587413
Kuchawat,25.07542,81.531643
Sinaha,25.076328,81.59525
Siyaur Khurd,25.073773,81.57418
Garhi,25.072092,81.550383
Majhiyari,25.071771,81.536805
Rehi,25.072431,81.588308
Bedaulikhairihan,25.072115,81.599211
Barsena,24.980185,81.566642
Raikwara,25.069291,81.579431
Godar Raikawara,25.067918,81.568111
Chhadahana,25.038115,81.481927
Dihiya,25.059797,81.491614
Kolhuware,25.064667,81.585489
Baghwari,25.063189,81.558463
Dih,25.064665,81.547561
Chakrisda,25.069684,81.542769
Bauna,25.06709,81.599813
Dodiya Bhamrahan,25.063329,81.528326
Madaicha,25.060396,81.504424
Bhuara,25.058803,81.604737
Barikachhar,25.059468,81.576901
Dodiya Chauhanan,25.059081,81.532583
Risda,25.056002,81.555365
Kanti,24.98729,81.734271
Bauna,25.057726,81.585935
Tagaha,25.03332,81.511514
Tonk,25.050742,81.681507
Ghusrum,25.052073,81.544899
Panasi,25.046453,81.649479
Not Available,24.862952,81.837705
Bedaulipaden,25.053094,81.589938
Dattupur,25.055364,81.572137
Dodiya Mishran,25.053135,81.532318
Naubasta,25.051058,81.6344
Majhigawan,25.05102,81.56278
Turkagondar,25.047767,81.569213
Sapaha,25.049854,81.608704
Itaura,25.042762,81.605122
Chakatraila,24.979637,81.778121
Chandpur,25.041245,81.617473
Rehadaha,25.046913,81.596606
Sandoh,25.041246,81.62976
Bhothi,25.042739,81.524535
Barua,25.043548,81.67164
Kaithi,25.046743,81.586853
Koniyagaharwar,25.029863,81.681417
Ghoraha,25.044884,81.559735
Kakaraila,25.033816,81.539964
Kaithi Pachkatha,25.031602,81.552547
Kotra Kalan,25.040771,81.592824
Gowariya,25.040609,81.639468
Ghorahabandh,25.041952,81.57007
Naubasta,25.024975,81.526477
Shivpurwa,24.967438,81.745763
Atarsui,25.039593,81.584193
Lakhwar,25.0411,81.57838
Padarha,25.039917,81.561775
Shubhnath,25.03914,81.570881
Dodau,25.036192,81.498252
Bhuga,25.037156,81.664897
Mahdewa,25.036924,81.569462
Amiliya,25.030307,81.616692
Misira,25.029377,81.584234
Dadari,25.031397,81.567761
Koniyadube,25.030814,81.691277
Chandela,25.033421,81.634398
Pandapurwa,25.033493,81.667894
Satpura Padiwar,25.024663,81.695607
Dadha Kalan,25.031694,81.650074
Madan,25.027953,81.497084
Dadha Khurd,25.02349,81.641225
Gopalpurwa,25.024039,81.664037
Baretitir,25.023567,81.564357
Nastgawan,25.016787,81.66243
Jhotiya,25.01714,81.630534
Misira,25.017988,81.576957
Padiwa Unmukt,25.021443,81.688299
Mahilo,25.011206,81.49521
Negura,25.005601,81.539898
Palhauwa,25.014826,81.558774
Lohsain,25.011634,81.599319
Bijhwar,25.012832,81.587561
Mahuli,25.012543,81.564618
Ajora,25.009134,81.659871
Padiwarkothar,25.015842,81.686541
Leda,25.011512,81.574395
Manika,25.009996,81.612283
Kanpura,25.008864,81.523017
Usargaon,25.003455,81.68572
Deupakothar,25.004701,81.702271
Malpar,25.006983,81.641895
Itauri,25.001573,81.504114
Parsiya,24.996559,81.560285
Parsadi,24.98415,81.507941
Purwatir,25.002709,81.628306
Kalhi,25.002766,81.59106
Khaliauni,24.997904,81.51623
Nakati,25.000767,81.617442
Madro,24.989818,81.582077
Kaima,25.002162,81.604555
Babakibarauli,24.996449,81.488233
Atarsuiya,24.996182,81.64861
Teonthar,24.960286,81.642995
Bansanti,24.987227,81.523831
Koniya Khurd,24.995503,81.602384
Rajapur,24.98756,81.638015
Panchha,24.98778,81.68077
Kotra Khurd,24.989491,81.609303
Gajapurwa,24.984752,81.624839
Sahijwar,24.983771,81.691693
Dodak,24.990532,81.508395
Nimgahna,24.984385,81.498725
Nedura,24.984344,81.532058
Uchiauni,24.985761,81.516787
Jawa,24.970863,81.488009
Ghorsar,24.98093,81.542558
Tikuri,24.975011,81.703018
Belauha,24.980319,81.671295
Akauri,24.965918,81.547677
Uchadih,24.974723,81.480969
Chunari,24.973799,81.665625
Bhakarwar,24.967817,81.506353
Bahera,24.975381,81.516133
Bhuluha,24.970441,81.576245
Sohagi,24.953867,81.688631
Satiteer,24.960875,81.522734
Bhungaon,24.954616,81.527512
Pathrauda,24.960813,81.497127
Bijhwar,24.956259,81.532696
Itawa,24.946731,81.51805
Belgawan,24.956381,81.512527
Koniya Kalan,24.956194,81.586275
Chandi,24.955341,81.559059
Gangtira Khurd,24.965541,81.617065
Gangtira Kalan,24.959488,81.622457
Durasin,25.047728,81.499523
Kyota,25.128945,81.585367
Sonara Maijhiyari,25.107784,81.600933
Chhuhiya,25.107803,81.589769
Chakturka,25.092306,81.604449
Chakpanasi,25.059915,81.661588
Kolhai,25.067416,81.494397
Siyaurkalan,25.063329,81.539841
Guhiya,25.061612,81.56954
Belha,25.047933,81.578057
Chakpandapurwa,25.041942,81.663287
Madar,25.022523,81.596603
Dabar,24.803016,81.957882
Kuthila,24.960949,81.601823
Barah,24.953708,81.574874
Kharihani,24.953286,81.61249
Barauli,24.953607,81.484935
Kushmaida,24.953589,81.566309
Newada,24.950159,81.599599
Jhalwa,24.949776,81.504227
Silaha,24.941551,81.49764
Raghunathpur,24.936022,81.555022
Paira,24.930618,81.605995
Kechuha,24.935666,81.572944
Basuar,24.938431,81.5189
Lad,24.929481,81.686796
Mrigshikarinpurwa,24.930494,81.500958
Niva,24.923348,81.495043
Khabhara Khurd,25.139524,81.604303
Patehara,25.141619,81.609571
Amilkoni,25.029494,81.665318
Chakghat,25.030759,81.730203
Satpura,25.023121,81.706481
Tonki,25.025867,81.749673
Dadar,24.751811,81.96243
Sengarwar,25.021494,81.718276
Majhiyari,25.012416,81.75317
Amanw,25.010276,81.763078
Chilla Khurd,25.005998,81.770724
Manikwar,25.014229,81.743073
Mangi,24.996871,81.839105
Matiyari,25.008788,81.734786
Chandai,25.004042,81.723406
Barethi Kalan,24.999942,81.814121
Kudri,24.994512,81.901501
Atraila,24.993178,81.784878
Dhadhokhar,24.995688,81.717833
Pharhadi,24.994707,81.743909
Koranw,24.984247,81.858495
Amilahwa,24.980796,81.893683
Khatiya,24.989953,81.706906
Barethi Khurd,24.985375,81.817738
Bara Kalan,24.980752,81.761258
Parsada,24.983497,81.719762
Khajuri,24.982682,81.80548
Usari,24.982527,81.745101
Tikri,24.980024,81.732645
Bhiugudi,24.978003,81.8276
Tedh Kalan,24.977235,81.79839
Atraila,24.976017,81.723967
Padari,24.961779,81.805822
Bisura,24.975574,81.744443
Majhigawan,24.941658,81.716798
Tedh Khurd,24.970672,81.788701
Badagaon,24.948057,81.765062
Konikhurd,24.973,81.782526
Bashat,24.959162,81.895283
Gambhirwa,24.970126,81.735608
Amiliya,24.967882,81.831236
Purwa,24.96524,81.726476
Naraul,24.96522,81.844947
Parwa,25.007466,81.780373
Mohda,24.993355,81.794941
Chakbara,24.995151,81.773967
Dherhai,24.991597,81.760154
Chaktedh,24.987761,81.771366
Mohda,24.986568,81.80011
Kathauli,24.958017,81.853716
Sahlolwa,24.962873,81.73793
Majhigawan,24.955346,81.865892
Atri,24.960081,81.827624
Gantha,24.951893,81.881392
Barua,24.953794,81.874247
Raksaha Kalan,24.955372,81.732119
Purwa,24.955166,81.839567
Deeh,24.941042,81.818795
Ghodidha,24.944088,81.800526
Raksaha Khurd,24.943334,81.73668
Kaitha,24.944694,81.838459
Hahotipurwa Katra,24.939459,81.849791
Bans,24.940089,81.862362
Uprohitanpurwa,24.933951,81.886191
Khutaha,24.8031,81.949364
Rarua,24.935313,81.871705
Geedha,24.930967,81.782724
Sonwarsha,24.932726,81.83465
Bedauliha,24.937486,81.900344
Budama,24.932961,81.799995
Pheraipurwa,24.93189,81.878237
Pipra,24.92861,81.910997
Khamha,24.925,81.824526
Hahotipurwa,24.930161,81.854425
Pheraipurwa,24.926395,81.885095
Samdariya,24.954277,81.744486
Dihi,24.980175,81.876377
Akauriya,25.147462,81.332756
Semraha Mu Sigati,24.806891,82.003948
Barha,25.168577,81.560873
Koodi,25.163898,81.585075
Sarui,25.175255,81.523534
Tatihara,24.81343,82.020035
Gadargawan,25.158695,81.542884
Pathat Kalan,25.157342,81.612506
Khabhara Kalan,25.147563,81.59666
Pathat Khurd,25.14668,81.617367
Khairahiya,24.813263,82.060679
Variya,24.815157,81.939123
Semraha Pahad,24.826906,81.997701
Belauhi Kalan,24.816042,81.96124
Pokhdaur,24.820018,81.980348
Arjunpurpaharh,24.811616,82.042799
Sonrawana,24.800545,82.079232
Katansalaiya,24.805872,82.069769
Hanumana,24.776813,82.105199
Gadhpela,24.795072,81.954724
Matikhani,24.796118,81.992488
Rokari,24.798446,82.058285
Turka,24.794041,81.997233
Tendua Mu Pokhdaur,24.797424,81.98573
Kolaha,24.790806,81.977422
Naunkalan,24.767705,82.15244
Dol,24.789126,82.037679
Salaiya Tilakrajsingh,24.784932,82.052284
Dhausad,24.784749,81.984448
Dhawatiwariyan,24.777669,82.032008
Tendua Padan,24.777475,81.993161
Gharbhara,24.782414,81.948711
Jagahat,24.78203,81.954821
Gauri,24.776566,81.933223
Charaiya,24.775697,82.01624
Chhipiya,24.745726,82.123152
Gahawara,24.779416,82.063671
Tendua Vailan,24.777046,81.983493
Pater,24.77605,81.946752
Pateraha,24.776404,81.953896
Hardi,24.771543,81.973362
Arjunpurpaikan,24.76952,82.057915
Arjunpurshuklan,24.771844,82.044454
Belauhiramsharan,24.77426,81.96306
Tendua Segran,24.768806,81.980599
Sigti,24.765622,81.999551
Belauhikubran,24.769752,81.955973
Chirkitha,24.770135,81.940426
Bhundaha Mu Dugauli,24.764031,82.04105
Daraita,24.767838,81.964002
Virha Kanhai,24.764604,82.01726
Atraila,24.766089,81.987369
Gajraha,24.768346,81.947911
Dhawagautaman,24.76133,82.033019
Tahaluwa,24.765783,81.941825
Shahpur,24.763082,81.969045
Suha,24.765665,81.949639
Kauwadhan Gautman,24.759816,81.97921
Choraha,24.758653,81.945552
Birhagirwarsingh,24.760164,82.009134
Dugauli,24.756144,82.05923
Vahar,24.757467,81.964645
Hatwa Durgaprasad,24.759089,81.98768
Latiyar,24.758267,82.089218
Gedurhat,24.743639,82.086006
Nawagaon,24.747245,82.104525
Hatwa Ishwardin,24.757549,81.993829
Chamdauri,24.748739,81.965633
Arhariya,24.754356,82.005791
Birha Kunwar,24.754976,82.012425
Hardi,24.752212,81.973319
Chahala,24.752927,82.080312
Pidhaiya,24.754038,81.990061
Virha Gopal,24.753526,82.022885
Kauwadhan Kurmiyan,24.746944,81.97684
Hatwachak,24.746941,81.982961
Bhaluhakothar,24.75037,81.93845
Atariya,24.749776,82.051663
Choraha,24.75146,82.114905
Misirgawan,24.734639,82.138898
Mauhar Mu Sagahan,24.751217,81.954645
Virha Prayagdatta,24.747832,82.020001
Bijhauli Shuklan,24.745249,82.03529
Virha Samaylal,24.749695,82.030685
Abbarkauwadhan,24.747345,82.009761
Hatwa Venimadhav,24.747924,82.000308
Bhaluha,24.74729,81.952784
Patulakhi Chhatrapalsingh,24.745739,81.968797
Hatwachak,24.743201,81.991537
Badhaiya,24.742829,81.93162
Badhaiya,24.74204,82.057345
Madha Nirbhainath,24.744323,82.044396
Patulakhi Ramsewak,24.746598,81.962457
Bagaiha,24.738511,82.014354
Dakshinha,24.734574,82.024774
Sagahan,24.74419,81.95106
Sagra,24.742962,81.960211
Hatwadindayal,24.741818,82.000121
Bhuwari,24.732122,82.117932
Birhafatteram,24.739186,82.006867
Madha Raghuwar,24.738498,82.046799
Patulakhi Mu Segahan,24.739707,81.968141
Sagahan Khurd,24.737975,81.956402
Majan Ramsharan,24.738351,81.979854
Kauwa Mu Virha,24.735041,82.019089
Sagahan Kalan,24.736776,81.945377
Bijhauli Gaharwaran,24.735402,82.03623
Sagahan,24.736352,81.961618
Koriya,24.735514,82.055038
Dubgawan,24.734781,82.069879
Tatihara,24.733963,81.971891
Hatwadindayal,24.733658,81.989382
Pardhaniya,24.73385,81.93263
Majan Rammanohar,24.732605,81.981534
Pratapganj,24.727186,82.091847
Dadar,24.725888,82.064311
Kothar,24.729885,81.943245
Karanampur,24.728916,82.051695
Dubgawan,24.730119,81.963708
Pidariya,24.710886,82.023165
Kolaha,24.724514,81.932546
Majan Manikram,24.728026,81.973693
Majan Ramprasad,24.728528,81.986707
Bhodaha,24.727109,82.014396
Majan Ramkripal,24.723488,81.97974
Mauhar Mu Sagahan,24.743262,81.941045
Shivriha,24.788223,81.946533
Dudhmaniya,24.785439,81.963829
Belaha,24.780868,81.970212
Nadaha,24.760438,82.02282
Khajuriha,24.753489,81.99729
Virha Shivnandan,24.754196,82.036136
Chaukhada,24.740225,81.950613
Sagahan Shripati,24.736346,81.937426
Mahuha Mu Sagahan,24.721986,82.005156
Pateri,24.735863,82.103764
Niviha Mu Sagahan,24.73252,81.951683
Kandauha,24.728968,81.955354
Kon,24.725162,81.962061
Murtiha,24.719277,82.108362
Antari,25.078121,81.57988
Dihi,24.722333,81.94957
Bairiha,24.722241,81.967678
Lodhama,24.720272,81.939427
Barauhi,24.718304,82.151886
Jamui,24.71955,81.95779
Malaigawan,24.71257,82.131598
Agarahi,24.71108,82.081038
Mahilo,25.020139,81.495991
Dharampura,24.715412,81.974563
Pitambargarh,24.712932,82.05901
Kalargawan,24.71512,81.944019
Khaira,24.715214,81.955422
Khaira,24.712572,81.962982
Khaira,24.712069,81.953345
Uchehara,24.709841,81.985817
Rajaha,24.710453,81.939543
Keraha Khurd,24.704829,82.151133
Bhamaraha,24.700024,82.113978
Govari,24.70068,82.100625
Chauhana,24.703722,81.956248
Deorakatan,24.706836,81.978218
Chauhana,24.703124,81.964759
Shivpura,24.700648,81.991159
Alahawa Kolahalram,24.716247,82.166741
Dhawa Mu Dubgawan,24.701969,82.045512
Chauhana,24.708963,81.948558
Chauhana,24.708965,81.968922
Tanman,24.705814,81.944745
Kudiya,24.702934,81.972931
Hatwa Nirbhaynath,24.754406,81.986245
Alahawa Kalan,24.745669,82.190887
Majhigawan,24.739185,82.16962
Morhana,24.784791,82.179929
Naunkhurd,24.763596,82.184817
Bahikata,24.730611,82.163957
Goidar,24.711809,82.212941
Lodhi,24.731032,82.23448
Kanjara,24.750853,82.18635
Alahawa Amritlal,24.714992,82.176782
Madau Mu Muparcho,24.72713,82.204114
Alahawa Khurd,24.72601,82.172519
Madau Mu Dadar,24.725183,82.187762
Lasa,24.714578,82.187475
Alahawa,24.716172,82.161233
Fuljhariya,24.715454,82.197028
Piparaha,24.714578,82.170258
Dadar,24.705957,82.159669
Pancho,24.711618,82.168752
Tilaya,24.70869,82.172163
Amaha Ramsundar,24.704895,82.176814
Chhiwalaha,24.704482,82.168714
Amaha Ramratan,24.700585,82.182352
Alahawa Khurd,24.722543,82.179989
Jhinnabandh,24.718877,82.170317
Lasabandh,24.706022,82.193359
Keraha Kalan,24.722565,82.159594
Mahilo,25.008741,81.486992
Bara Unmukt,24.980751,81.772293
Bhataha,24.862103,81.04627
Nivi,24.779963,81.680828
Nivi,24.779158,81.679693
Kharra,24.762583,81.673776
Kharra,24.765046,81.673394
Kharra,24.765215,81.669945
Kharra,24.765872,81.682434
Kharra,24.768756,81.683466
Nivi,24.769389,81.68641
Nivi,24.773835,81.68753
Kharra,24.771733,81.684791
Kharra,24.772107,81.67942
Nivi,24.77524,81.686238
Kharra,24.763,81.681208
Kharra,24.762656,81.678118
Kharra,24.768753,81.681004
Nivi,24.771729,81.686931
Pali,24.252825,82.5142
Badwasimar,24.3149,82.492686
Gongava,25.084879,81.520899
Bardiya Kalan,24.858809,81.01713
Badisitul,24.022052,82.503819
Karauti,24.010795,82.669664
Banauli,24.025189,82.516665
Khajuri,24.012386,82.553676
Katauli,24.014964,82.542375
Kulhui,23.998897,82.502815
Jarha,24.01226,82.525365
Kam,24.013108,82.583223
Gobha,23.974885,82.757061
Tusa Khand,24.014268,82.627907
Khatkhariya,23.999199,82.68382
Madhura,24.010264,82.506369
Chargoda,23.985683,82.70128
Pipara,23.998746,82.590875
Orgai,23.995837,82.64809
Situl Khurd,24.003291,82.513317
Bilaspur,24.005264,82.566903
Kubari,24.007298,82.4904
Gadahara,23.999875,82.609722
Thurua,24.197344,82.54378
Shasan,24.000212,82.625072
Tiyara,23.983559,82.563385
Pratappur,24.002249,82.492711
Majhauli,23.993411,82.546009
Naudhiya,23.991648,82.527247
Dhummadand,23.993263,82.71393
Siddhi Khurd,23.976185,82.604278
Harrahawa,23.958398,82.632902
Rampa,23.97918,82.485087
Basauda,23.971914,82.513121
Suidih,23.98316,82.720854
Chachar,23.972876,82.534054
Pipara Kurund,23.973927,82.660328
Siddhi Kalan,23.957948,82.590963
Parasdehi,23.961581,82.553796
Bhudkud,23.962077,82.492864
Baradghata,23.965821,82.687899
Kadopani Kandopani,23.956067,82.660529
Koyal Khunth,23.948029,82.485903
Urti,23.948312,82.676886
Jalhathani,23.951271,82.693272
Kathura,24.049736,82.552816
Barahpan,23.935504,82.70775
Ukharawal,23.943583,82.518477
Khamhariya,23.930947,82.547013
Amhara,23.934093,82.614349
Ekpai,23.935894,82.66043
Baheri Khurd,23.931817,82.506136
Kumhiya,23.888209,82.541488
Saraijhar,23.917431,82.647031
Baheri Kalan,23.921224,82.495085
Dhondha,23.919742,82.671888
Jhanjhi Tola,23.917628,82.590609
Gahidad Gahidar,23.910062,82.525496
Bhabhaura,23.910923,82.51294
Kanhud,24.235525,82.674975
Makrohar,23.89843,82.630444
Dhodhi Tola,23.90431,82.545441
Sukhari Tola Surwari T,23.90651,82.477397
Semariya,23.897963,82.604398
Chhatkaram,23.904838,82.565049
Chhatauli,23.891879,82.498558
Karami,23.893976,82.580471
Dhanhara,23.882998,82.511333
Bhaukhad,23.87634,82.57225
Malgotola,23.841063,82.536103
Jogiyani,23.87294,82.601955
Mudhi,23.864498,82.490762
Mithul,23.838759,82.508655
Tikuritola,24.24029,82.621148
Basauda,23.869462,82.640275
Hatka,23.857311,82.57755
Badgad,23.849207,82.612299
Bhamarkhoh,23.83983,82.566532
Karaila,24.247225,82.591258
Churki,24.238854,82.721494
Kharkata,24.251625,82.521971
Lotan,24.252065,82.568075
Dhasada,24.248887,82.498133
Gangi,24.248773,82.536358
Ajani,24.241899,82.514409
Kasar,24.232747,82.546093
Jamual,24.229861,82.521282
Semuar,24.231952,82.496159
Uska,24.232414,82.510664
Ingura,24.227309,82.572331
Singrauli,24.102135,82.596948
Gorbi,24.211204,82.598088
Godwali,24.216423,82.497132
Kathas,24.220445,82.624353
Mahdeiya,24.215184,82.555673
Bastali Abad,24.219574,82.517237
Ramgarh,24.215606,82.543547
Phuljhar,24.21803,82.568892
Bastali Viran,24.217385,82.531088
Haraiya,24.211278,82.531419
Rampurwa,24.19404,82.511294
Padri,24.167475,82.530494
Dadar,24.192594,82.492493
Rajkhand,24.198685,82.556143
Sigahi,24.185973,82.542265
Solang,24.189891,82.561696
Chakuar,24.177458,82.559764
Chingi Tola,24.148267,82.504897
Atraila,24.054699,82.653022
Teldah,24.132633,82.489175
Chokra,24.119174,82.532071
Harraiya,24.124586,82.513827
Raja Sarai,24.113862,82.509999
Gadsa,24.111888,82.491403
Digghi,24.102372,82.50653
Pipara Jhapi,24.096012,82.495049
Pondi Naugai,24.097555,82.52417
Parsauna,24.08777,82.540478
Gadahara,24.084081,82.514436
Padainiya,24.086441,82.522969
Budhela,24.084899,82.501507
Rajbandh,24.078853,82.540498
Loori,24.077662,82.529255
Kajan,24.077876,82.520204
Jinhar,24.07068,82.552714
Barauha,24.069753,82.51577
Khatkhari,24.066698,82.52956
Dhatura Pokhara,24.057908,82.562191
Hardi,24.061837,82.542
Bhandi,24.061355,82.513603
Kushmahara,24.058951,82.552352
Karhiya,24.058054,82.528244
Dhatura Barwa,24.044245,82.563665
Kanji,24.052721,82.517386
Manikchaura,24.049181,82.491533
Dheki,24.045827,82.542686
Sahokhar,24.05092,82.532314
Gahilara,24.046517,82.507581
Amilwan,24.042458,82.485612
Khutar,24.033874,82.530862
Karkosa,24.032286,82.551376
Churisani,24.036168,82.490181
Rakki,24.029095,82.492406
Jaraudha,24.036584,82.500081
Judi,24.065994,82.654888
Amratali,24.05688,82.67809
Chud Chudiya,24.055378,82.69866
Deori Kalan,24.046817,82.731125
Shahpur,24.037945,82.682184
Rampur,24.038489,82.656514
Kathuar,24.028805,82.728206
Uska,24.063654,82.673415
Naudhia CT,24.203633,82.57272
Gerui,24.466766,82.580464
Suda,24.473818,82.623949
Bairitola Kalan,24.464107,82.5022
Butwa Batuwa,24.458167,82.665153
Bairitola Khurd,24.461492,82.523543
Naugai Chitrangi,24.451297,82.533619
Khamaniya Khamhaniya,24.453613,82.616962
Barbatola Suda,24.45054,82.631301
Kudainiya,24.448378,82.644837
Jharauha Jhagrauha,24.443441,82.508764
Jamtihawa,24.380711,82.63216
Budhadol,24.423273,82.538024
Baudihar,24.434716,82.661101
Boda,24.427,82.501332
Saketi,24.396689,82.688013
Sulkhan Kalan,24.434847,82.569344
Sulkhan Khurd,24.433907,82.599336
Amlihawa,24.429798,82.632283
Kapurdehi,24.409401,82.61859
Matihani,24.39302,82.569448
Khokhwa,24.392228,82.593748
Patharkati,24.394895,82.543738
Kacharitola,24.289264,82.509093
Badgad,24.360353,82.651447
Katrihar,24.37062,82.709103
Basaniya,24.357181,82.546197
Bagaiya,24.350758,82.611935
Sidhari,24.330071,82.720315
Barwatola,24.329209,82.530112
Sidhar,24.348298,82.745854
Dudhmaniya,24.338281,82.577392
Bhos Bhoshe,24.351953,82.70098
Sirgudi,24.332059,82.69334
Nawanagar,24.328869,82.51224
Bargawan,24.323858,82.545495
Silphori,24.304458,82.750917
Pondi Bagdari,24.308057,82.572246
Gaurhawa,24.321439,82.669565
Gawardehi,24.321926,82.605095
Ajgudh,24.304079,82.627822
Khairchhan,24.307827,82.715891
Bagdara Bagdari,24.302354,82.526376
Bairihawa,24.304395,82.662442
Dharauha Dhaurhawa,24.299082,82.70303
Bachhnar,24.288151,82.670915
Birkuniya,24.285371,82.591787
Parsohar,24.286317,82.554791
Chakariya,24.278443,82.726933
Larwa,24.27769,82.495889
Pateri,24.276461,82.505932
Piparkhad,24.271618,82.616647
Chatari,24.262427,82.673845
Bhaudar,24.268954,82.533894
Ghinhagaon,24.265219,82.485743
Pipra,24.271136,82.558811
Chingi,24.269239,82.519289
Barkoni Barmani,24.266663,82.581293
Sapaha,24.262405,82.50412
Khirwa,24.255636,82.642352
Barhati,24.255927,82.549482
Gopla,24.674484,82.63598
Rampurwa,24.674784,82.677285
Bagdara,24.661987,82.506653
Pondi,24.65284,82.646226
Korsariya,24.666112,82.597775
Bhuidharwa,24.64544,82.60975
Padri Kalan,24.644485,82.669449
Rehi,24.635435,82.519175
Tiliya,24.642074,82.564479
Kuldiha,24.637294,82.687301
Phuthadwa,24.629807,82.634114
Naudihawa,24.633996,82.711484
Jagmar,24.617818,82.535405
Godgawan,24.627522,82.743598
Barbadih,24.632545,82.762058
Bhurtiyatola,24.622121,82.592617
Jharkata,24.626997,82.731084
Padri Khurd,24.625406,82.693987
Khaidar,24.615719,82.718052
Rakhsahat,24.616983,82.562114
Tamai,24.616308,82.67256
Mahdewadand,24.608877,82.620443
Banjariya,24.619378,82.763033
Kasda,24.600963,82.593566
Deora,24.607757,82.750772
Badram,24.603914,82.695475
Kyontaly,24.584491,82.635954
Mahdewadand,24.601143,82.527142
Bakiya,24.574594,82.556895
Piparjhar,24.602888,82.764352
Gadwa Garhwa,24.597423,82.671092
Haraiya,24.595003,82.75487
Raipurwa,24.595527,82.725474
Leduakhand,24.595646,82.74394
Naikhawa,24.578563,82.58966
Jhagarhawa,24.589269,82.766647
Ratanpurwa,24.588599,82.73279
Bargawan,24.575325,82.520612
Deeghar Khurd,24.591824,82.717405
Thatara,24.589127,82.792723
Chhiwalhawa,24.593609,82.787395
Beedad,24.582694,82.741195
Lamsarai,24.592414,82.773707
Deeghar Kalan,24.586195,82.704138
Rajabar,24.582014,82.676255
Kekrai,24.577887,82.667355
Lahiya,24.581991,82.720948
Pondi,24.581429,82.750535
Majhigawan Lam Sarai,24.575107,82.75199
Dighwar,24.57538,82.766394
Atraila,24.580934,82.70584
Panwar,24.573413,82.659253
Banjari,24.577217,82.696769
Badgada,24.56306,82.68473
Deori,24.574101,82.724902
Kulhaiya,24.573498,82.737104
Dakaita,24.563385,82.649464
Kusahi,24.570818,82.703056
Kaithani,24.569618,82.713313
Sailwar,24.568418,82.749718
Badgadi,24.567563,82.694883
Khamhariya,24.564939,82.730598
Naugai Kekrai,24.562412,82.6735
Khairhani,24.544823,82.501548
Agarhawa,24.558839,82.638912
Ghoghara,24.542555,82.657158
Bamhan Dewa,24.555632,82.709043
Doraj Khurd,24.557381,82.744853
Mahuriya,24.553284,82.691238
Bara,24.555252,82.5975
Tarak Hariya,24.553359,82.62334
Patehara,24.549334,82.678997
Takhthua,24.538492,82.672474
Machi Kalan,24.546635,82.574139
Shivpurwa,24.534665,82.613398
Harma,24.537817,82.525691
Chhitawal Khurd,24.548965,82.608435
Misigawan,24.535109,82.631278
Gairuai,24.537552,82.708547
Machi Khurd,24.5384,82.550496
Rehada,24.536783,82.582706
Chhitawal Kalan,24.526642,82.600279
Bagdewa,24.533498,82.685145
Khatai,24.522876,82.54928
Pinjreha,24.521536,82.696004
Naudiya Odani,24.527025,82.569835
Odani,24.524201,82.580006
Gangi,24.51811,82.498898
Kushmahawa,24.519986,82.665564
Amrapan,24.515753,82.646737
Chikni,24.513027,82.516296
Amsi,24.501846,82.699098
Kolhawa,24.504842,82.577585
Kekraon,24.51551,82.578286
Mahugadi Pawai,24.506798,82.615858
Duara,24.492269,82.566327
Bagdara Khurd,24.511497,82.588554
Durdura,24.505643,82.687065
Bagdara Kalan,24.505088,82.529335
Kushhaniya,24.495079,82.651858
Dar,24.492208,82.669942
Mohgadi,24.495557,82.628727
Chitrangi,24.483287,82.527449
Lalmati,24.484417,82.551806
Jharkatia,24.473211,82.708857
Girapan,24.486285,82.599887
Sajahawa Alias Bandha,24.4754,82.542318
Dhumadand,24.578021,82.497641
Naraina,24.568205,82.80376
Ramdiha,24.56434,82.786685
Duari Lam Sarai,24.552857,82.768049
Doraj Kalan,24.55374,82.750157
Akla,24.556389,82.730396
Dhodhari,24.589561,82.740959
Lohada,24.571907,82.609033
